{"type":"Topology","transform":{"scale":[0.0000910943841911233,0.00007551306157228501],"translate":[126.76977011413412,37.42574929824175]},"objects":{"seoul_submunicipalities_geo":{"type":"GeometryCollection","geometries":[{"arcs":[[0,1,2,3,4,5]],"type":"Polygon","properties":{"code":"1125074","name":"길동","name_eng":"Gil-dong","base_year":"2013"}},{"arcs":[[6,7,8,9,10,11,12]],"type":"Polygon","properties":{"code":"1125073","name":"천호2동","name_eng":"Cheonho 2(i)-dong","base_year":"2013"}},{"arcs":[[13,14,-7,15,16]],"type":"Polygon","properties":{"code":"1125072","name":"암사1동","name_eng":"Amsa 1(il)-dong","base_year":"2013"}},{"arcs":[[17,18,19,-2]],"type":"Polygon","properties":{"code":"1125071","name":"둔촌2동","name_eng":"Dunchon 2(i)-dong","base_year":"2013"}},{"arcs":[[-19,20,21,22]],"type":"Polygon","properties":{"code":"1125070","name":"둔촌1동","name_eng":"Dunchon 1(il)-dong","base_year":"2013"}},{"arcs":[[-3,-20,-23,23,24,25]],"type":"Polygon","properties":{"code":"1125067","name":"성내3동","name_eng":"Seongnae 3(sam)-dong","base_year":"2013"}},{"arcs":[[-10,26,-26,27,28]],"type":"Polygon","properties":{"code":"1125066","name":"성내2동","name_eng":"Seongnae 2(i)-dong","base_year":"2013"}},{"arcs":[[-28,-25,29,30]],"type":"Polygon","properties":{"code":"1125065","name":"성내1동","name_eng":"Seongnae 1(il)-dong","base_year":"2013"}},{"arcs":[[-4,-27,-9,31]],"type":"Polygon","properties":{"code":"1125063","name":"천호3동","name_eng":"Cheonho 3(sam)-dong","base_year":"2013"}},{"arcs":[[-15,32,-5,-32,-8]],"type":"Polygon","properties":{"code":"1125061","name":"천호1동","name_eng":"Cheonho 1(il)-dong","base_year":"2013"}},{"arcs":[[33,34,-17,35]],"type":"Polygon","properties":{"code":"1125059","name":"암사3동","name_eng":"Amsa 3(sam)-dong","base_year":"2013"}},{"arcs":[[36,-36,-16,-13,37]],"type":"Polygon","properties":{"code":"1125058","name":"암사2동","name_eng":"Amsa 2(i)-dong","base_year":"2013"}},{"arcs":[[38,39,40,41]],"type":"Polygon","properties":{"code":"1125056","name":"고덕2동","name_eng":"Godeok 2(i)-dong","base_year":"2013"}},{"arcs":[[42,-42,43,44,-35]],"type":"Polygon","properties":{"code":"1125055","name":"고덕1동","name_eng":"Godeok 1(il)-dong","base_year":"2013"}},{"arcs":[[-44,45,46,-1,47]],"type":"Polygon","properties":{"code":"1125054","name":"명일2동","name_eng":"Myeongil 2(i)-dong","base_year":"2013"}},{"arcs":[[-45,-48,-6,-33,-14]],"type":"Polygon","properties":{"code":"1125053","name":"명일1동","name_eng":"Myeongil 1(il)-dong","base_year":"2013"}},{"arcs":[[-41,48,49,-46]],"type":"Polygon","properties":{"code":"1125052","name":"상일동","name_eng":"Sangil-dong","base_year":"2013"}},{"arcs":[[50,-49,-40]],"type":"Polygon","properties":{"code":"1125051","name":"강일동","name_eng":"Gangildong","base_year":"2013"}},{"arcs":[[51,52,53,54,55,56]],"type":"Polygon","properties":{"code":"1124080","name":"잠실3동","name_eng":"Jamsil 3(sam)-dong","base_year":"2013"}},{"arcs":[[57,-56,58,59,60,61,62]],"type":"Polygon","properties":{"code":"1124079","name":"잠실2동","name_eng":"Jamsil 2(i)-dong","base_year":"2013"}},{"arcs":[[-60,63,64]],"type":"Polygon","properties":{"code":"1124078","name":"잠실7동","name_eng":"Jamsil 7(chil)-dong","base_year":"2013"}},{"arcs":[[65,66,67,-52,68,69]],"type":"Polygon","properties":{"code":"1124077","name":"잠실6동","name_eng":"Jamsil 6(yuk)-dong","base_year":"2013"}},{"arcs":[[70,71,72,-66,73]],"type":"Polygon","properties":{"code":"1124075","name":"잠실4동","name_eng":"Jamsil 4(sa)-dong","base_year":"2013"}},{"arcs":[[-55,74,75,76,-64,-59]],"type":"Polygon","properties":{"code":"1124071","name":"잠실본동","name_eng":"Jamsilbon-dong","base_year":"2013"}},{"arcs":[[77,78,79,80,81,82]],"type":"Polygon","properties":{"code":"1124070","name":"장지동","name_eng":"Jangji-dong","base_year":"2013"}},{"arcs":[[83,84,-81,85,86,87,88]],"type":"Polygon","properties":{"code":"1124069","name":"문정2동","name_eng":"Munjeong 2(i)-dong","base_year":"2013"}},{"arcs":[[-82,-85,89,90]],"type":"Polygon","properties":{"code":"1124068","name":"문정1동","name_eng":"Munjeong 1(il)-dong","base_year":"2013"}},{"arcs":[[91,-83,-91,92,93]],"type":"Polygon","properties":{"code":"1124067","name":"가락2동","name_eng":"Garak 2(i)-dong","base_year":"2013"}},{"arcs":[[94,-89,95,96,97,98,99]],"type":"Polygon","properties":{"code":"1124066","name":"가락1동","name_eng":"Garak 1(il)-dong","base_year":"2013"}},{"arcs":[[100,-93,-90,-84,-95,101,102]],"type":"Polygon","properties":{"code":"1124065","name":"가락본동","name_eng":"Garakbon-dong","base_year":"2013"}},{"arcs":[[103,-98,104,105,-75,-54]],"type":"Polygon","properties":{"code":"1124064","name":"삼전동","name_eng":"Samjeon-dong","base_year":"2013"}},{"arcs":[[106,107,-99,-104,-53]],"type":"Polygon","properties":{"code":"1124063","name":"석촌동","name_eng":"Seokchon-dong","base_year":"2013"}},{"arcs":[[-102,-100,-108,108,109]],"type":"Polygon","properties":{"code":"1124062","name":"송파2동","name_eng":"Songpa 2(i)-dong","base_year":"2013"}},{"arcs":[[-68,110,-109,-107]],"type":"Polygon","properties":{"code":"1124061","name":"송파1동","name_eng":"Songpa 1(il)-dong","base_year":"2013"}},{"arcs":[[111,112,113,-94,-101,114,115]],"type":"Polygon","properties":{"code":"1124060","name":"오금동","name_eng":"Ogeum-dong","base_year":"2013"}},{"arcs":[[-30,-24,-22,116,-116,117,118,-72,119]],"type":"Polygon","properties":{"code":"1124059","name":"오륜동","name_eng":"Oryun-dong","base_year":"2013"}},{"arcs":[[-73,-119,120,-111,-67]],"type":"Polygon","properties":{"code":"1124058","name":"방이2동","name_eng":"Bangi 2(i)-dong","base_year":"2013"}},{"arcs":[[-118,-115,-103,-110,-121]],"type":"Polygon","properties":{"code":"1124057","name":"방이1동","name_eng":"Bangi 1(il)-dong","base_year":"2013"}},{"arcs":[[-113,121,122,123,124]],"type":"Polygon","properties":{"code":"1124056","name":"마천2동","name_eng":"Macheon 2(i)-dong","base_year":"2013"}},{"arcs":[[-123,125,126]],"type":"Polygon","properties":{"code":"1124055","name":"마천1동","name_eng":"Macheon 1(il)-dong","base_year":"2013"}},{"arcs":[[-124,-127,127,-79,128]],"type":"Polygon","properties":{"code":"1124054","name":"거여2동","name_eng":"Geoyeo 2(i)-dong","base_year":"2013"}},{"arcs":[[-125,-129,-78,-92,-114]],"type":"Polygon","properties":{"code":"1124053","name":"거여1동","name_eng":"Geoyeo 1(il)-dong","base_year":"2013"}},{"arcs":[[129,-31,-120,-71,130,131]],"type":"Polygon","properties":{"code":"1124052","name":"풍납2동","name_eng":"Pungnap 2(i)-dong","base_year":"2013"}},{"arcs":[[-11,-29,-130,132]],"type":"Polygon","properties":{"code":"1124051","name":"풍납1동","name_eng":"Pungnap 1(il)-dong","base_year":"2013"}},{"arcs":[[133,134,135,136,137,138]],"type":"Polygon","properties":{"code":"1123080","name":"개포2동","name_eng":"Gaepo 2(i)-dong","base_year":"2013"}},{"arcs":[[-65,-77,139,-139,140,141,142,-61]],"type":"Polygon","properties":{"code":"1123079","name":"대치2동","name_eng":"Daechi 2(i)-dong","base_year":"2013"}},{"arcs":[[143,144,145,146,147,148,149]],"type":"Polygon","properties":{"code":"1123078","name":"청담동","name_eng":"Cheongdam-dong","base_year":"2013"}},{"arcs":[[150,-149,151,152,153,154]],"type":"Polygon","properties":{"code":"1123077","name":"압구정동","name_eng":"Apgujeong-dong","base_year":"2013"}},{"arcs":[[-87,155,156,157,158]],"type":"Polygon","properties":{"code":"1123076","name":"세곡동","name_eng":"Segok-dong","base_year":"2013"}},{"arcs":[[-96,-88,-159,159,160]],"type":"Polygon","properties":{"code":"1123075","name":"수서동","name_eng":"Suseo-dong","base_year":"2013"}},{"arcs":[[-76,-106,161,162,-134,-140]],"type":"Polygon","properties":{"code":"1123074","name":"일원2동","name_eng":"Irwon 2(i)-dong","base_year":"2013"}},{"arcs":[[-105,-97,-161,163,-162]],"type":"Polygon","properties":{"code":"1123073","name":"일원1동","name_eng":"Irwon 1(il)-dong","base_year":"2013"}},{"arcs":[[-164,-160,-158,164,-135,-163]],"type":"Polygon","properties":{"code":"1123072","name":"일원본동","name_eng":"Irwonbon-dong","base_year":"2013"}},{"arcs":[[165,166,167,168]],"type":"Polygon","properties":{"code":"1123071","name":"개포4동","name_eng":"Gaepo 4(sa)-dong","base_year":"2013"}},{"arcs":[[-137,169,-166,170]],"type":"Polygon","properties":{"code":"1123068","name":"개포1동","name_eng":"Gaepo 1(il)-dong","base_year":"2013"}},{"arcs":[[171,-171,-169,172,173,174,175]],"type":"Polygon","properties":{"code":"1123067","name":"도곡2동","name_eng":"Dogok 2(i)-dong","base_year":"2013"}},{"arcs":[[-174,176,177,178,179]],"type":"Polygon","properties":{"code":"1123066","name":"도곡1동","name_eng":"Dogok 1(il)-dong","base_year":"2013"}},{"arcs":[[-175,-180,180,181]],"type":"Polygon","properties":{"code":"1123065","name":"역삼2동","name_eng":"Yeoksam 2(i)-dong","base_year":"2013"}},{"arcs":[[182,183,-181,-179,184,185,186,187,188]],"type":"Polygon","properties":{"code":"1123064","name":"역삼1동","name_eng":"Yeoksam 1(il)-dong","base_year":"2013"}},{"arcs":[[-142,189,-176,-182,-184,190]],"type":"Polygon","properties":{"code":"1123063","name":"대치4동","name_eng":"Daechi 4(sa)-dong","base_year":"2013"}},{"arcs":[[-190,-141,-138,-172]],"type":"Polygon","properties":{"code":"1123060","name":"대치1동","name_eng":"Daechi 1(il)-dong","base_year":"2013"}},{"arcs":[[-147,191,-191,-183,192]],"type":"Polygon","properties":{"code":"1123059","name":"삼성2동","name_eng":"Samseong 2(i)-dong","base_year":"2013"}},{"arcs":[[-62,-143,-192,-146,193]],"type":"Polygon","properties":{"code":"1123058","name":"삼성1동","name_eng":"Samseong 1(il)-dong","base_year":"2013"}},{"arcs":[[-152,-148,-193,-189,194]],"type":"Polygon","properties":{"code":"1123053","name":"논현2동","name_eng":"Nonhyeon 2(i)-dong","base_year":"2013"}},{"arcs":[[-195,-188,195,196,197]],"type":"Polygon","properties":{"code":"1123052","name":"논현1동","name_eng":"Nonhyeon 1(il)-dong","base_year":"2013"}},{"arcs":[[-153,-198,198,199,200]],"type":"Polygon","properties":{"code":"1123051","name":"신사동","name_eng":"Sinsa-dong","base_year":"2013"}},{"arcs":[[-165,-157,201,202,-167,-170,-136]],"type":"Polygon","properties":{"code":"1122068","name":"내곡동","name_eng":"Naegok-dong","base_year":"2013"}},{"arcs":[[-168,-203,203,204]],"type":"Polygon","properties":{"code":"1122067","name":"양재2동","name_eng":"Yangjae 2(i)-dong","base_year":"2013"}},{"arcs":[[-177,-173,-205,205,206,207,208,209]],"type":"Polygon","properties":{"code":"1122066","name":"양재1동","name_eng":"Yangjae 1(il)-dong","base_year":"2013"}},{"arcs":[[210,211,212,213,214,215]],"type":"Polygon","properties":{"code":"1122065","name":"방배4동","name_eng":"Bangbae 4(sa)-dong","base_year":"2013"}},{"arcs":[[216,-207,217,218,219]],"type":"Polygon","properties":{"code":"1122064","name":"방배3동","name_eng":"Bangbae 3(sam)-dong","base_year":"2013"}},{"arcs":[[220,-219,221,222,223,-214]],"type":"Polygon","properties":{"code":"1122063","name":"방배2동","name_eng":"Bangbae 2(i)-dong","base_year":"2013"}},{"arcs":[[224,-220,-221,-213]],"type":"Polygon","properties":{"code":"1122062","name":"방배1동","name_eng":"Bangbae 1(il)-dong","base_year":"2013"}},{"arcs":[[225,-216,226,227]],"type":"Polygon","properties":{"code":"1122061","name":"방배본동","name_eng":"Bangbaebon-dong","base_year":"2013"}},{"arcs":[[228,229,230,-211,-226,231,232]],"type":"Polygon","properties":{"code":"1122060","name":"반포4동","name_eng":"Banpo 4(sa)-dong","base_year":"2013"}},{"arcs":[[233,234,-233,235,236,237]],"type":"Polygon","properties":{"code":"1122059","name":"반포3동","name_eng":"Banpo 3(sam)-dong","base_year":"2013"}},{"arcs":[[-236,-232,-228,238,239,240]],"type":"Polygon","properties":{"code":"1122058","name":"반포2동","name_eng":"Banpo 2(i)-dong","base_year":"2013"}},{"arcs":[[-196,-187,241,-229,-235,242]],"type":"Polygon","properties":{"code":"1122057","name":"반포1동","name_eng":"Banpo 1(il)-dong","base_year":"2013"}},{"arcs":[[-240,243,244,245]],"type":"Polygon","properties":{"code":"1122056","name":"반포본동","name_eng":"Banpobon-dong","base_year":"2013"}},{"arcs":[[-199,-197,-243,-234,246,247]],"type":"Polygon","properties":{"code":"1122055","name":"잠원동","name_eng":"Jamwon-dong","base_year":"2013"}},{"arcs":[[-242,-186,248,249,250,-230]],"type":"Polygon","properties":{"code":"1122054","name":"서초4동","name_eng":"Seocho 4(sa)-dong","base_year":"2013"}},{"arcs":[[-251,251,-208,-217,-225,-212,-231]],"type":"Polygon","properties":{"code":"1122053","name":"서초3동","name_eng":"Seocho 3(sam)-dong","base_year":"2013"}},{"arcs":[[-249,-185,-178,-210,252]],"type":"Polygon","properties":{"code":"1122052","name":"서초2동","name_eng":"Seocho 2(i)-dong","base_year":"2013"}},{"arcs":[[-253,-209,-252,-250]],"type":"Polygon","properties":{"code":"1122051","name":"서초1동","name_eng":"Seocho 1(il)-dong","base_year":"2013"}},{"arcs":[[253,254,255,256,257,258,259,260,261]],"type":"Polygon","properties":{"code":"1121083","name":"미성동","name_eng":"Miseongdong","base_year":"2013"}},{"arcs":[[262,263,264,265,266,267,268]],"type":"Polygon","properties":{"code":"1121082","name":"삼성동","name_eng":"Samseong-dong","base_year":"2013"}},{"arcs":[[-268,269,-255,270]],"type":"Polygon","properties":{"code":"1121081","name":"난곡동","name_eng":"Nangok-dong","base_year":"2013"}},{"arcs":[[271,272,273,274,275,276]],"type":"Polygon","properties":{"code":"1121080","name":"청룡동","name_eng":"Cheongnyong-dong","base_year":"2013"}},{"arcs":[[277,278,279,280,281,282]],"type":"Polygon","properties":{"code":"1121079","name":"성현동","name_eng":"Seonghyeondong","base_year":"2013"}},{"arcs":[[-282,283,-277,284,285,286,287,288]],"type":"Polygon","properties":{"code":"1121078","name":"은천동","name_eng":"Euncheondong","base_year":"2013"}},{"arcs":[[-274,289,290,291,-264,292]],"type":"Polygon","properties":{"code":"1121073","name":"대학동","name_eng":"Daehakdong","base_year":"2013"}},{"arcs":[[293,-261,294,295,296]],"type":"Polygon","properties":{"code":"1121072","name":"조원동","name_eng":"Jowon-dong","base_year":"2013"}},{"arcs":[[-256,-270,-267,297,298,299]],"type":"Polygon","properties":{"code":"1121071","name":"난향동","name_eng":"Nanhyangdong","base_year":"2013"}},{"arcs":[[300,-286,301,302,303,304]],"type":"Polygon","properties":{"code":"1121069","name":"신림동","name_eng":"Sillim-dong","base_year":"2013"}},{"arcs":[[-304,305,-262,-294,306,307]],"type":"Polygon","properties":{"code":"1121068","name":"신사동","name_eng":"Sinsa-dong","base_year":"2013"}},{"arcs":[[-275,-293,-263,308,309]],"type":"Polygon","properties":{"code":"1121066","name":"서림동","name_eng":"Seorimdong","base_year":"2013"}},{"arcs":[[-303,310,-309,-269,-271,-254,-306]],"type":"Polygon","properties":{"code":"1121065","name":"신원동","name_eng":"Sinwon-dong","base_year":"2013"}},{"arcs":[[-285,-276,-310,-311,-302]],"type":"Polygon","properties":{"code":"1121064","name":"서원동","name_eng":"Seowondong","base_year":"2013"}},{"arcs":[[-223,311,-291,312,313,314]],"type":"Polygon","properties":{"code":"1121063","name":"남현동","name_eng":"Namhyeon-dong","base_year":"2013"}},{"arcs":[[-314,315,316]],"type":"Polygon","properties":{"code":"1121062","name":"인헌동","name_eng":"Inheondong","base_year":"2013"}},{"arcs":[[-281,317,-272,-284]],"type":"Polygon","properties":{"code":"1121061","name":"중앙동","name_eng":"Jungang-dong","base_year":"2013"}},{"arcs":[[-316,-313,-290,-273,318]],"type":"Polygon","properties":{"code":"1121058","name":"낙성대동","name_eng":"Nakseongdaedong","base_year":"2013"}},{"arcs":[[-280,319,320,321,322,-317,-319,-318]],"type":"Polygon","properties":{"code":"1121057","name":"행운동","name_eng":"Haengundong","base_year":"2013"}},{"arcs":[[323,-320,-279,324]],"type":"Polygon","properties":{"code":"1121054","name":"청림동","name_eng":"Cheongnim-dong","base_year":"2013"}},{"arcs":[[-287,-301,325,326]],"type":"Polygon","properties":{"code":"1121052","name":"보라매동","name_eng":"Boramaedong","base_year":"2013"}},{"arcs":[[-244,-239,-227,-215,327,328,329,330,331]],"type":"Polygon","properties":{"code":"1120073","name":"사당2동","name_eng":"Sadang 2(i)-dong","base_year":"2013"}},{"arcs":[[332,333,334,335,336,337,338]],"type":"Polygon","properties":{"code":"1120072","name":"노량진1동","name_eng":"Noryangjin 1(il)-dong","base_year":"2013"}},{"arcs":[[-331,339,-335,340]],"type":"Polygon","properties":{"code":"1120071","name":"흑석동","name_eng":"Heukseok-dong","base_year":"2013"}},{"arcs":[[341,-326,-305,-308,342,343,344]],"type":"Polygon","properties":{"code":"1120070","name":"신대방2동","name_eng":"Sindaebang 2(i)-dong","base_year":"2013"}},{"arcs":[[345,-343,-307,-297,346,347]],"type":"Polygon","properties":{"code":"1120069","name":"신대방1동","name_eng":"Sindaebang 1(il)-dong","base_year":"2013"}},{"arcs":[[348,349,350,351,-345,352,353,354]],"type":"Polygon","properties":{"code":"1120068","name":"대방동","name_eng":"Daebang-dong","base_year":"2013"}},{"arcs":[[355,356,-321,-324,357]],"type":"Polygon","properties":{"code":"1120067","name":"사당5동","name_eng":"Sadang 5(o)-dong","base_year":"2013"}},{"arcs":[[358,-322,-357,359]],"type":"Polygon","properties":{"code":"1120066","name":"사당4동","name_eng":"Sadang 4(sa)-dong","base_year":"2013"}},{"arcs":[[-329,360,-360,-356,361]],"type":"Polygon","properties":{"code":"1120065","name":"사당3동","name_eng":"Sadang 3(sam)-dong","base_year":"2013"}},{"arcs":[[-328,-224,-315,-323,-359,-361]],"type":"Polygon","properties":{"code":"1120063","name":"사당1동","name_eng":"Sadang 1(il)-dong","base_year":"2013"}},{"arcs":[[362,-283,-289,363,364]],"type":"Polygon","properties":{"code":"1120056","name":"상도4동","name_eng":"Sangdo 4(sa)-dong","base_year":"2013"}},{"arcs":[[-364,-288,-327,-342,-352,365]],"type":"Polygon","properties":{"code":"1120055","name":"상도3동","name_eng":"Sangdo 3(sam)-dong","base_year":"2013"}},{"arcs":[[-337,366,-365,-366,-351,367]],"type":"Polygon","properties":{"code":"1120054","name":"상도2동","name_eng":"Sangdo 2(i)-dong","base_year":"2013"}},{"arcs":[[-336,-340,-330,-362,-358,-325,-278,-363,-367]],"type":"Polygon","properties":{"code":"1120053","name":"상도1동","name_eng":"Sangdo 1(il)-dong","base_year":"2013"}},{"arcs":[[-338,-368,-350,368]],"type":"Polygon","properties":{"code":"1120052","name":"노량진2동","name_eng":"Noryangjin 2(i)-dong","base_year":"2013"}},{"arcs":[[369,370,371,372,373,374,375]],"type":"Polygon","properties":{"code":"1119076","name":"문래동","name_eng":"Mullae-dong","base_year":"2013"}},{"arcs":[[376,377,378,-373,379]],"type":"Polygon","properties":{"code":"1119075","name":"도림동","name_eng":"Dorim-dong","base_year":"2013"}},{"arcs":[[380,381,382,-371,383,384]],"type":"Polygon","properties":{"code":"1119074","name":"영등포동","name_eng":"Yeongdeungpo-dong","base_year":"2013"}},{"arcs":[[-383,385,386,-380,-372]],"type":"Polygon","properties":{"code":"1119073","name":"영등포본동","name_eng":"Yeongdeungpobondong","base_year":"2013"}},{"arcs":[[-378,387,388,389,390,391,392,393]],"type":"Polygon","properties":{"code":"1119072","name":"대림3동","name_eng":"Daerim 3(sam)-dong","base_year":"2013"}},{"arcs":[[-391,394,-347,395]],"type":"Polygon","properties":{"code":"1119071","name":"대림2동","name_eng":"Daerim 2(i)-dong","base_year":"2013"}},{"arcs":[[396,-348,-395,-390,397]],"type":"Polygon","properties":{"code":"1119070","name":"대림1동","name_eng":"Daerim 1(il)-dong","base_year":"2013"}},{"arcs":[[-354,398,399,400]],"type":"Polygon","properties":{"code":"1119069","name":"신길7동","name_eng":"Singil 7(chil)-dong","base_year":"2013"}},{"arcs":[[-399,-353,-344,-346,-397,401,402]],"type":"Polygon","properties":{"code":"1119068","name":"신길6동","name_eng":"Singil 6(yuk)-dong","base_year":"2013"}},{"arcs":[[-402,-398,-389,403,404]],"type":"Polygon","properties":{"code":"1119067","name":"신길5동","name_eng":"Singil 5(o)-dong","base_year":"2013"}},{"arcs":[[-387,405,-400,-403,-405,406]],"type":"Polygon","properties":{"code":"1119066","name":"신길4동","name_eng":"Singil 4(sa)-dong","base_year":"2013"}},{"arcs":[[-377,-407,-404,-388]],"type":"Polygon","properties":{"code":"1119065","name":"신길3동","name_eng":"Singil 3(sam)-dong","base_year":"2013"}},{"arcs":[[-382,407,-355,-401,-406,-386]],"type":"Polygon","properties":{"code":"1119063","name":"신길1동","name_eng":"Singil 1(il)-dong","base_year":"2013"}},{"arcs":[[408,409,410,411,412,413]],"type":"Polygon","properties":{"code":"1119062","name":"양평2동","name_eng":"Yangpyeong2-dong","base_year":"2013"}},{"arcs":[[-411,414,-376,415,416,417]],"type":"Polygon","properties":{"code":"1119061","name":"양평1동","name_eng":"Yangpyeong1-dong","base_year":"2013"}},{"arcs":[[418,-385,419,-410,420]],"type":"Polygon","properties":{"code":"1119056","name":"당산2동","name_eng":"Dangsan2-dong","base_year":"2013"}},{"arcs":[[-420,-384,-370,-415]],"type":"Polygon","properties":{"code":"1119055","name":"당산1동","name_eng":"Dangsan1-dong","base_year":"2013"}},{"arcs":[[421,422,423,424,425,426,-339,-369,-349,-408,-381,-419,427]],"type":"Polygon","properties":{"code":"1119054","name":"여의동","name_eng":"Yeoui-dong","base_year":"2013"}},{"arcs":[[-299,428,429,430,431,432]],"type":"Polygon","properties":{"code":"1118061","name":"시흥5동","name_eng":"Siheung 5(o)-dong","base_year":"2013"}},{"arcs":[[-257,-300,-433,433,434]],"type":"Polygon","properties":{"code":"1118060","name":"시흥4동","name_eng":"Siheung 4(sa)-dong","base_year":"2013"}},{"arcs":[[-431,435,436]],"type":"Polygon","properties":{"code":"1118059","name":"시흥3동","name_eng":"Siheung 3(sam)-dong","base_year":"2013"}},{"arcs":[[-298,-266,437,-429]],"type":"Polygon","properties":{"code":"1118058","name":"시흥2동","name_eng":"Siheung 2(i)-dong","base_year":"2013"}},{"arcs":[[438,-434,-432,-437,439,440]],"type":"Polygon","properties":{"code":"1118057","name":"시흥1동","name_eng":"Siheung 1(il)-dong","base_year":"2013"}},{"arcs":[[-259,441,442,443]],"type":"Polygon","properties":{"code":"1118055","name":"독산4동","name_eng":"Doksan 4(sa)-dong","base_year":"2013"}},{"arcs":[[-295,-260,-444,444,445]],"type":"Polygon","properties":{"code":"1118054","name":"독산3동","name_eng":"Doksan 3(sam)-dong","base_year":"2013"}},{"arcs":[[-442,-258,-435,-439,446]],"type":"Polygon","properties":{"code":"1118053","name":"독산2동","name_eng":"Doksan 2(i)-dong","base_year":"2013"}},{"arcs":[[447,-445,-443,-447,-441,448,449,450]],"type":"Polygon","properties":{"code":"1118052","name":"독산1동","name_eng":"Doksan 1(il)-dong","base_year":"2013"}},{"arcs":[[451,452,-450,453]],"type":"Polygon","properties":{"code":"1118051","name":"가산동","name_eng":"Gasan-dong","base_year":"2013"}},{"arcs":[[454,455,456,457,458]],"type":"Polygon","properties":{"code":"1117072","name":"개봉1동","name_eng":"Gaebong 1(il)-dong","base_year":"2013"}},{"arcs":[[459,460,461,462,463,464,465]],"type":"Polygon","properties":{"code":"1117071","name":"구로2동","name_eng":"Guro 2(i)-dong","base_year":"2013"}},{"arcs":[[-463,466,467,-451,-453,468]],"type":"Polygon","properties":{"code":"1117070","name":"가리봉동","name_eng":"Garibong-dong","base_year":"2013"}},{"arcs":[[469,470,471,472]],"type":"Polygon","properties":{"code":"1117069","name":"수궁동","name_eng":"Sugungdong","base_year":"2013"}},{"arcs":[[473,474,475,-472,476]],"type":"Polygon","properties":{"code":"1117068","name":"오류2동","name_eng":"Oryu 2(i)-dong","base_year":"2013"}},{"arcs":[[-458,477,-477,-471,478]],"type":"Polygon","properties":{"code":"1117067","name":"오류1동","name_eng":"Oryu 1(il)-dong","base_year":"2013"}},{"arcs":[[479,-475,480]],"type":"Polygon","properties":{"code":"1117065","name":"개봉3동","name_eng":"Gaebong 3(sam)-dong","base_year":"2013"}},{"arcs":[[-478,-457,481,482,483,-481,-474]],"type":"Polygon","properties":{"code":"1117064","name":"개봉2동","name_eng":"Gaebong 2(i)-dong","base_year":"2013"}},{"arcs":[[484,485,-455,486]],"type":"Polygon","properties":{"code":"1117062","name":"고척2동","name_eng":"Gocheok 2(i)-dong","base_year":"2013"}},{"arcs":[[-465,487,-482,-456,-486,488]],"type":"Polygon","properties":{"code":"1117061","name":"고척1동","name_eng":"Gocheok 1(il)-dong","base_year":"2013"}},{"arcs":[[-393,489,-461,490]],"type":"Polygon","properties":{"code":"1117056","name":"구로5동","name_eng":"Guro 5(o)-dong","base_year":"2013"}},{"arcs":[[-490,-392,491,-467,-462]],"type":"Polygon","properties":{"code":"1117055","name":"구로4동","name_eng":"Guro 4(sa)-dong","base_year":"2013"}},{"arcs":[[-492,-396,-296,-446,-448,-468]],"type":"Polygon","properties":{"code":"1117054","name":"구로3동","name_eng":"Guro 3(sam)-dong","base_year":"2013"}},{"arcs":[[-488,-464,-469,-452,492,-483]],"type":"Polygon","properties":{"code":"1117052","name":"구로1동","name_eng":"Guro 1(il)-dong","base_year":"2013"}},{"arcs":[[-374,-379,-394,-491,-460,493,494]],"type":"Polygon","properties":{"code":"1117051","name":"신도림동","name_eng":"Sindorim-dong","base_year":"2013"}},{"arcs":[[495,496,497,498,499,500]],"type":"Polygon","properties":{"code":"1116074","name":"우장산동","name_eng":"Ujangsandong","base_year":"2013"}},{"arcs":[[-498,501,502,503,504,505,506]],"type":"Polygon","properties":{"code":"1116073","name":"화곡1동","name_eng":"Hwagok 1(il)-dong","base_year":"2013"}},{"arcs":[[507,508,509,510]],"type":"Polygon","properties":{"code":"1116072","name":"방화3동","name_eng":"Banghwa 3(sam)-dong","base_year":"2013"}},{"arcs":[[-511,511,512,513]],"type":"Polygon","properties":{"code":"1116071","name":"방화2동","name_eng":"Banghwa 2(i)-dong","base_year":"2013"}},{"arcs":[[-510,514,515,-512]],"type":"Polygon","properties":{"code":"1116070","name":"방화1동","name_eng":"Banghwa 1(il)-dong","base_year":"2013"}},{"arcs":[[-516,516,517,518,-513]],"type":"Polygon","properties":{"code":"1116069","name":"공항동","name_eng":"Gonghang-dong","base_year":"2013"}},{"arcs":[[-500,519,520,521,522,-518,523]],"type":"Polygon","properties":{"code":"1116067","name":"발산1동","name_eng":"Balsan1-dong","base_year":"2013"}},{"arcs":[[524,525,526,527]],"type":"Polygon","properties":{"code":"1116066","name":"가양3동","name_eng":"Gayang 3(sam)-dong","base_year":"2013"}},{"arcs":[[528,529,-527,530,531]],"type":"Polygon","properties":{"code":"1116065","name":"가양2동","name_eng":"Gayang 2(i)-dong","base_year":"2013"}},{"arcs":[[532,-532,533,-524,-517,-515,-509]],"type":"Polygon","properties":{"code":"1116064","name":"가양1동","name_eng":"Gayang 1(il)-dong","base_year":"2013"}},{"arcs":[[534,535,-503,536]],"type":"Polygon","properties":{"code":"1116063","name":"화곡8동","name_eng":"Hwagok 8(pal)-dong","base_year":"2013"}},{"arcs":[[537,538,539,-496,540]],"type":"Polygon","properties":{"code":"1116061","name":"화곡6동","name_eng":"Hwagok 6(yuk)-dong","base_year":"2013"}},{"arcs":[[541,542,543,544,545]],"type":"Polygon","properties":{"code":"1116059","name":"화곡4동","name_eng":"Hwagok 4(sa)-dong","base_year":"2013"}},{"arcs":[[-520,-499,-507,546]],"type":"Polygon","properties":{"code":"1116058","name":"화곡3동","name_eng":"Hwagok 3(sam)-dong","base_year":"2013"}},{"arcs":[[-545,547,-535,548]],"type":"Polygon","properties":{"code":"1116057","name":"화곡2동","name_eng":"Hwagok 2(i)-dong","base_year":"2013"}},{"arcs":[[-540,549,-546,-549,-537,-502,-497]],"type":"Polygon","properties":{"code":"1116055","name":"화곡본동","name_eng":"Hwagokbon-dong","base_year":"2013"}},{"arcs":[[-531,550,-541,-501,-534]],"type":"Polygon","properties":{"code":"1116054","name":"등촌3동","name_eng":"Deungchon 3(sam)-dong","base_year":"2013"}},{"arcs":[[551,552,-542,-550,-539,553]],"type":"Polygon","properties":{"code":"1116053","name":"등촌2동","name_eng":"Deungchon 2(i)-dong","base_year":"2013"}},{"arcs":[[-526,554,555,-554,-538,-551]],"type":"Polygon","properties":{"code":"1116052","name":"등촌1동","name_eng":"Deungchon 1(il)-dong","base_year":"2013"}},{"arcs":[[-525,556,557,-413,558,559,560,-555]],"type":"Polygon","properties":{"code":"1116051","name":"염창동","name_eng":"Yeomchang-dong","base_year":"2013"}},{"arcs":[[-544,561,562,563,564,-536,-548]],"type":"Polygon","properties":{"code":"1115072","name":"신정4동","name_eng":"Sinjeong 4(sa)-dong","base_year":"2013"}},{"arcs":[[-412,-418,565,566,567,-559]],"type":"Polygon","properties":{"code":"1115071","name":"목5동","name_eng":"Mok 5(o)-dong","base_year":"2013"}},{"arcs":[[568,-466,-489,-485,569,570]],"type":"Polygon","properties":{"code":"1115070","name":"신정7동","name_eng":"Sinjeong 7(chil)-dong","base_year":"2013"}},{"arcs":[[571,-494,-569,572,573]],"type":"Polygon","properties":{"code":"1115069","name":"신정6동","name_eng":"Sinjeong 6(yuk)-dong","base_year":"2013"}},{"arcs":[[-564,574,-570,-487,-459,-479,-470,575,576,577,578]],"type":"Polygon","properties":{"code":"1115066","name":"신정3동","name_eng":"Sinjeong 3(sam)-dong","base_year":"2013"}},{"arcs":[[-416,-375,-495,-572,579]],"type":"Polygon","properties":{"code":"1115065","name":"신정2동","name_eng":"Sinjeong 2(i)-dong","base_year":"2013"}},{"arcs":[[-563,-573,-571,-575]],"type":"Polygon","properties":{"code":"1115064","name":"신정1동","name_eng":"Sinjeong 1(il)-dong","base_year":"2013"}},{"arcs":[[580,581,-577,582,583]],"type":"Polygon","properties":{"code":"1115063","name":"신월7동","name_eng":"Sinwol 7(chil)-dong","base_year":"2013"}},{"arcs":[[584,-578,-582,585]],"type":"Polygon","properties":{"code":"1115062","name":"신월6동","name_eng":"Sinwol 6(yuk)-dong","base_year":"2013"}},{"arcs":[[-521,-547,-506,586,587]],"type":"Polygon","properties":{"code":"1115061","name":"신월5동","name_eng":"Sinwol 5(o)-dong","base_year":"2013"}},{"arcs":[[588,-586,-581,589]],"type":"Polygon","properties":{"code":"1115060","name":"신월4동","name_eng":"Sinwol 4(sa)-dong","base_year":"2013"}},{"arcs":[[-522,-588,590,-584,591]],"type":"Polygon","properties":{"code":"1115059","name":"신월3동","name_eng":"Sinwol 3(sam)-dong","base_year":"2013"}},{"arcs":[[-504,-565,-579,-585,-589]],"type":"Polygon","properties":{"code":"1115058","name":"신월2동","name_eng":"Sinwol 2(i)-dong","base_year":"2013"}},{"arcs":[[-587,-505,-590,-591]],"type":"Polygon","properties":{"code":"1115057","name":"신월1동","name_eng":"Sinwol 1(il)-dong","base_year":"2013"}},{"arcs":[[592,-567,593,-543,-553,594]],"type":"Polygon","properties":{"code":"1115054","name":"목4동","name_eng":"Mok 4(sa)-dong","base_year":"2013"}},{"arcs":[[-561,595,-595,-552,-556]],"type":"Polygon","properties":{"code":"1115053","name":"목3동","name_eng":"Mok 3(sam)-dong","base_year":"2013"}},{"arcs":[[-568,-593,-596,-560]],"type":"Polygon","properties":{"code":"1115052","name":"목2동","name_eng":"Mok 2(i)-dong","base_year":"2013"}},{"arcs":[[-566,-417,-580,-574,-562,-594]],"type":"Polygon","properties":{"code":"1115051","name":"목1동","name_eng":"Mok 1(il)-dong","base_year":"2013"}},{"arcs":[[596,597,598,599]],"type":"Polygon","properties":{"code":"1114078","name":"아현동","name_eng":"Ahyeon-dong","base_year":"2013"}},{"arcs":[[600,601,602,603,604,-597,605]],"type":"Polygon","properties":{"code":"1114077","name":"공덕동","name_eng":"Gongdeok-dong","base_year":"2013"}},{"arcs":[[606,-422,607,608,609]],"type":"Polygon","properties":{"code":"1114076","name":"서강동","name_eng":"Seogangdong","base_year":"2013"}},{"arcs":[[-605,610,611,-425,612]],"type":"Polygon","properties":{"code":"1114075","name":"도화동","name_eng":"Dohwa-dong","base_year":"2013"}},{"arcs":[[613,614,615,616,-557,-528,-530,617,618]],"type":"Polygon","properties":{"code":"1114074","name":"상암동","name_eng":"Sangam-dong","base_year":"2013"}},{"arcs":[[619,620,621,622,623,-616,624]],"type":"Polygon","properties":{"code":"1114073","name":"성산2동","name_eng":"Seongsan 2(i)-dong","base_year":"2013"}},{"arcs":[[-623,625,626,627,628]],"type":"Polygon","properties":{"code":"1114072","name":"성산1동","name_eng":"Seongsan 1(il)-dong","base_year":"2013"}},{"arcs":[[-622,629,630,631,-626]],"type":"Polygon","properties":{"code":"1114071","name":"연남동","name_eng":"Yeonnam-dong","base_year":"2013"}},{"arcs":[[-624,-629,632,-558,-617]],"type":"Polygon","properties":{"code":"1114070","name":"망원2동","name_eng":"Mangwon 2(i)-dong","base_year":"2013"}},{"arcs":[[-628,633,634,-414,-633]],"type":"Polygon","properties":{"code":"1114069","name":"망원1동","name_eng":"Mangwon 1(il)-dong","base_year":"2013"}},{"arcs":[[-608,-428,-421,-409,-635,635]],"type":"Polygon","properties":{"code":"1114068","name":"합정동","name_eng":"Hapjeong-dong","base_year":"2013"}},{"arcs":[[-632,636,637,-609,-636,-634,-627]],"type":"Polygon","properties":{"code":"1114066","name":"서교동","name_eng":"Seogyo-dong","base_year":"2013"}},{"arcs":[[638,-423,-607,639]],"type":"Polygon","properties":{"code":"1114063","name":"신수동","name_eng":"Sinsu-dong","base_year":"2013"}},{"arcs":[[-599,640,641,642]],"type":"Polygon","properties":{"code":"1114061","name":"염리동","name_eng":"Yeomni-dong","base_year":"2013"}},{"arcs":[[-642,643,-640,-610,-638,644]],"type":"Polygon","properties":{"code":"1114060","name":"대흥동","name_eng":"Daeheung-dong","base_year":"2013"}},{"arcs":[[-644,-641,-598,-613,-424,-639]],"type":"Polygon","properties":{"code":"1114059","name":"용강동","name_eng":"Yonggang-dong","base_year":"2013"}},{"arcs":[[645,646,-630,-621,647,648,649]],"type":"Polygon","properties":{"code":"1113076","name":"연희동","name_eng":"Yeonhui-dong","base_year":"2013"}},{"arcs":[[650,651,652,-643,-645,-637,-631,-647]],"type":"Polygon","properties":{"code":"1113075","name":"신촌동","name_eng":"Sinchon-dong","base_year":"2013"}},{"arcs":[[653,-606,-600,-653,654]],"type":"Polygon","properties":{"code":"1113074","name":"북아현동","name_eng":"Bugahyeon-dong","base_year":"2013"}},{"arcs":[[655,656,657,658,659,-655,-652]],"type":"Polygon","properties":{"code":"1113073","name":"충현동","name_eng":"Chunghyeondong","base_year":"2013"}},{"arcs":[[660,661,662,663]],"type":"Polygon","properties":{"code":"1113072","name":"북가좌2동","name_eng":"Bukgajwa 2(i)-dong","base_year":"2013"}},{"arcs":[[664,-663,665,666,-625,-615]],"type":"Polygon","properties":{"code":"1113071","name":"북가좌1동","name_eng":"Bukgajwa 1(il)-dong","base_year":"2013"}},{"arcs":[[667,668,-649,669,-666,-662]],"type":"Polygon","properties":{"code":"1113070","name":"남가좌2동","name_eng":"Namgajwa 2(i)-dong","base_year":"2013"}},{"arcs":[[-670,-648,-620,-667]],"type":"Polygon","properties":{"code":"1113069","name":"남가좌1동","name_eng":"Namgajwa 1(il)-dong","base_year":"2013"}},{"arcs":[[670,671,672,-650,-669,673,674]],"type":"Polygon","properties":{"code":"1113068","name":"홍은2동","name_eng":"Hongeun 2(i)-dong","base_year":"2013"}},{"arcs":[[675,676,677,-672,678,679]],"type":"Polygon","properties":{"code":"1113066","name":"홍은1동","name_eng":"Hongeun 1(il)-dong","base_year":"2013"}},{"arcs":[[680,681,682,683,684]],"type":"Polygon","properties":{"code":"1113065","name":"홍제2동","name_eng":"Hongje 2(i)-dong","base_year":"2013"}},{"arcs":[[685,-685,686,-677]],"type":"Polygon","properties":{"code":"1113064","name":"홍제3동","name_eng":"Hongje 3(sam)-dong","base_year":"2013"}},{"arcs":[[-687,-684,687,688,-656,-651,-646,-673,-678]],"type":"Polygon","properties":{"code":"1113062","name":"홍제1동","name_eng":"Hongje 1(il)-dong","base_year":"2013"}},{"arcs":[[689,-657,-689,690]],"type":"Polygon","properties":{"code":"1113052","name":"천연동","name_eng":"Cheonyeon-dong","base_year":"2013"}},{"arcs":[[691,692,693,694,695,696]],"type":"Polygon","properties":{"code":"1112074","name":"역촌동","name_eng":"Yeokchon-dong","base_year":"2013"}},{"arcs":[[697,-674,-668,-661,698,699,700,701]],"type":"Polygon","properties":{"code":"1112073","name":"응암3동","name_eng":"Eungam 3(sam)-dong","base_year":"2013"}},{"arcs":[[702,703,704,705]],"type":"Polygon","properties":{"code":"1112072","name":"불광2동","name_eng":"Bulgwang 2(i)-dong","base_year":"2013"}},{"arcs":[[706,707,-706,708,709]],"type":"Polygon","properties":{"code":"1112071","name":"진관동","name_eng":"Jingwandong","base_year":"2013"}},{"arcs":[[710,711,712,-619]],"type":"Polygon","properties":{"code":"1112068","name":"수색동","name_eng":"Susaek-dong","base_year":"2013"}},{"arcs":[[-699,-664,-665,-614,-713,713]],"type":"Polygon","properties":{"code":"1112067","name":"증산동","name_eng":"Jeungsan-dong","base_year":"2013"}},{"arcs":[[-700,-714,-712,714,715]],"type":"Polygon","properties":{"code":"1112066","name":"신사2동","name_eng":"Sinsa 2(i)-dong","base_year":"2013"}},{"arcs":[[-694,716,-701,-716,717]],"type":"Polygon","properties":{"code":"1112065","name":"신사1동","name_eng":"Sinsa 1(il)-dong","base_year":"2013"}},{"arcs":[[-675,-698,718]],"type":"Polygon","properties":{"code":"1112060","name":"응암2동","name_eng":"Eungam 2(i)-dong","base_year":"2013"}},{"arcs":[[-693,719,-671,-719,-702,-717]],"type":"Polygon","properties":{"code":"1112059","name":"응암1동","name_eng":"Eungam 1(il)-dong","base_year":"2013"}},{"arcs":[[-704,720,721,-697,722,723]],"type":"Polygon","properties":{"code":"1112058","name":"대조동","name_eng":"Daejo-dong","base_year":"2013"}},{"arcs":[[724,-696,725]],"type":"Polygon","properties":{"code":"1112057","name":"구산동","name_eng":"Gusan-dong","base_year":"2013"}},{"arcs":[[726,727,-723,-725]],"type":"Polygon","properties":{"code":"1112056","name":"갈현2동","name_eng":"Galhyeon 2(i)-dong","base_year":"2013"}},{"arcs":[[-709,-705,-724,-728,728]],"type":"Polygon","properties":{"code":"1112055","name":"갈현1동","name_eng":"Galhyeon 1(il)-dong","base_year":"2013"}},{"arcs":[[-708,729,730,-721,-703]],"type":"Polygon","properties":{"code":"1112052","name":"불광1동","name_eng":"Bulgwang 1(il)-dong","base_year":"2013"}},{"arcs":[[-731,731,-679,-720,-692,-722]],"type":"Polygon","properties":{"code":"1112051","name":"녹번동","name_eng":"Nokbeon-dong","base_year":"2013"}},{"arcs":[[732,733,734,735,736,737,738]],"type":"Polygon","properties":{"code":"1111079","name":"공릉1동","name_eng":"Gongneung 1(il)-dong","base_year":"2013"}},{"arcs":[[739,740,741,742]],"type":"Polygon","properties":{"code":"1111078","name":"중계2·3동","name_eng":"Junggye2·3-dong","base_year":"2013"}},{"arcs":[[743,-742,744,745,746,747]],"type":"Polygon","properties":{"code":"1111077","name":"상계6·7동","name_eng":"Sanggye6·7-dong","base_year":"2013"}},{"arcs":[[748,749,750,751,752]],"type":"Polygon","properties":{"code":"1111076","name":"상계3·4동","name_eng":"Sanggye3·4-dong","base_year":"2013"}},{"arcs":[[753,-748,754,755,756,757]],"type":"Polygon","properties":{"code":"1111074","name":"상계10동","name_eng":"Sanggye 10(sip)-dong","base_year":"2013"}},{"arcs":[[758,-752,759,760,-758,761]],"type":"Polygon","properties":{"code":"1111073","name":"상계9동","name_eng":"Sanggye 9(gu)-dong","base_year":"2013"}},{"arcs":[[762,-762,-757,763,764]],"type":"Polygon","properties":{"code":"1111072","name":"상계8동","name_eng":"Sanggye 8(pal)-dong","base_year":"2013"}},{"arcs":[[-760,-751,765,766]],"type":"Polygon","properties":{"code":"1111069","name":"상계5동","name_eng":"Sanggye 5(o)-dong","base_year":"2013"}},{"arcs":[[-767,767,768,-744,-754,-761]],"type":"Polygon","properties":{"code":"1111066","name":"상계2동","name_eng":"Sanggye 2(i)-dong","base_year":"2013"}},{"arcs":[[-753,-759,-763,769,770]],"type":"Polygon","properties":{"code":"1111065","name":"상계1동","name_eng":"Sanggye 1(il)-dong","base_year":"2013"}},{"arcs":[[771,772,773,-768,-766,-750]],"type":"Polygon","properties":{"code":"1111064","name":"중계4동","name_eng":"Junggye 4(sa)-dong","base_year":"2013"}},{"arcs":[[-774,774,775,-743,-769]],"type":"Polygon","properties":{"code":"1111061","name":"중계1동","name_eng":"Junggye 1(il)-dong","base_year":"2013"}},{"arcs":[[-773,776,777,778,-775]],"type":"Polygon","properties":{"code":"1111060","name":"중계본동","name_eng":"Junggyebon-dong","base_year":"2013"}},{"arcs":[[-741,779,-738,780,781,-745]],"type":"Polygon","properties":{"code":"1111059","name":"하계2동","name_eng":"Hagye 2(i)-dong","base_year":"2013"}},{"arcs":[[-776,-779,782,-739,-780,-740]],"type":"Polygon","properties":{"code":"1111058","name":"하계1동","name_eng":"Hagye 1(il)-dong","base_year":"2013"}},{"arcs":[[783,784,785,-733,-783,-778]],"type":"Polygon","properties":{"code":"1111056","name":"공릉2동","name_eng":"Gongneung 2(i)-dong","base_year":"2013"}},{"arcs":[[-781,-737,786,787,788]],"type":"Polygon","properties":{"code":"1111053","name":"월계3동","name_eng":"Wolgye 3(sam)-dong","base_year":"2013"}},{"arcs":[[-746,-782,-789,789,790,791,792,793,794]],"type":"Polygon","properties":{"code":"1111052","name":"월계2동","name_eng":"Wolgye 2(i)-dong","base_year":"2013"}},{"arcs":[[-790,-788,795,796]],"type":"Polygon","properties":{"code":"1111051","name":"월계1동","name_eng":"Wolgye 1(il)-dong","base_year":"2013"}},{"arcs":[[797,-770,-765,798,799]],"type":"Polygon","properties":{"code":"1110065","name":"도봉2동","name_eng":"Dobong 2(i)-dong","base_year":"2013"}},{"arcs":[[-800,800,801,802,803,804]],"type":"Polygon","properties":{"code":"1110064","name":"도봉1동","name_eng":"Dobong 1(il)-dong","base_year":"2013"}},{"arcs":[[805,806,807,808]],"type":"Polygon","properties":{"code":"1110063","name":"창5동","name_eng":"Chang 5(o)-dong","base_year":"2013"}},{"arcs":[[-755,-747,-795,809,-806,810]],"type":"Polygon","properties":{"code":"1110062","name":"창4동","name_eng":"Chang 4(sa)-dong","base_year":"2013"}},{"arcs":[[-793,811,812,813,814]],"type":"Polygon","properties":{"code":"1110061","name":"창3동","name_eng":"Chang 3(sam)-dong","base_year":"2013"}},{"arcs":[[-814,815,816,817]],"type":"Polygon","properties":{"code":"1110060","name":"창2동","name_eng":"Chang 2(i)-dong","base_year":"2013"}},{"arcs":[[-807,-810,-794,-815,-818,818]],"type":"Polygon","properties":{"code":"1110059","name":"창1동","name_eng":"Chang 1(il)-dong","base_year":"2013"}},{"arcs":[[-803,819,820,821,822,823,824]],"type":"Polygon","properties":{"code":"1110057","name":"방학3동","name_eng":"Banghak 3(sam)-dong","base_year":"2013"}},{"arcs":[[-802,825,-820]],"type":"Polygon","properties":{"code":"1110056","name":"방학2동","name_eng":"Banghak 2(i)-dong","base_year":"2013"}},{"arcs":[[-801,-799,-764,-756,-811,-809,826,-821,-826]],"type":"Polygon","properties":{"code":"1110055","name":"방학1동","name_eng":"Banghak 1(il)-dong","base_year":"2013"}},{"arcs":[[-823,827,828,829]],"type":"Polygon","properties":{"code":"1110054","name":"쌍문4동","name_eng":"Ssangmun 4(sa)-dong","base_year":"2013"}},{"arcs":[[-819,-817,830,831,-829,832]],"type":"Polygon","properties":{"code":"1110053","name":"쌍문3동","name_eng":"Ssangmun 3(sam)-dong","base_year":"2013"}},{"arcs":[[-827,-808,-833,-828,-822]],"type":"Polygon","properties":{"code":"1110052","name":"쌍문2동","name_eng":"Ssangmun 2(i)-dong","base_year":"2013"}},{"arcs":[[-824,-830,-832,833,834]],"type":"Polygon","properties":{"code":"1110051","name":"쌍문1동","name_eng":"Ssangmun 1(il)-dong","base_year":"2013"}},{"arcs":[[835,836,837,838,839,840,841]],"type":"Polygon","properties":{"code":"1109075","name":"인수동","name_eng":"Insudong","base_year":"2013"}},{"arcs":[[-804,-825,-835,842,-841,843]],"type":"Polygon","properties":{"code":"1109074","name":"우이동","name_eng":"Ui-dong","base_year":"2013"}},{"arcs":[[844,845,846,847]],"type":"Polygon","properties":{"code":"1109073","name":"삼각산동","name_eng":"Samgaksandong","base_year":"2013"}},{"arcs":[[848,849,850,-845,851,852]],"type":"Polygon","properties":{"code":"1109072","name":"송천동","name_eng":"Songcheon-dong","base_year":"2013"}},{"arcs":[[853,854,855,856,857,-849,858]],"type":"Polygon","properties":{"code":"1109071","name":"송중동","name_eng":"Songjungdong","base_year":"2013"}},{"arcs":[[859,-859,-853,860,861,862]],"type":"Polygon","properties":{"code":"1109070","name":"미아동","name_eng":"Mia-dong","base_year":"2013"}},{"arcs":[[-861,-852,-848,863,864]],"type":"Polygon","properties":{"code":"1109069","name":"삼양동","name_eng":"Samyang-dong","base_year":"2013"}},{"arcs":[[-831,865,-836,866]],"type":"Polygon","properties":{"code":"1109065","name":"수유3동","name_eng":"Suyu 3(sam)-dong","base_year":"2013"}},{"arcs":[[-834,-867,-842,-843]],"type":"Polygon","properties":{"code":"1109064","name":"수유2동","name_eng":"Suyu 2(i)-dong","base_year":"2013"}},{"arcs":[[-838,-862,-865,867]],"type":"Polygon","properties":{"code":"1109063","name":"수유1동","name_eng":"Suyu 1(il)-dong","base_year":"2013"}},{"arcs":[[-791,868,869,-855,870]],"type":"Polygon","properties":{"code":"1109062","name":"번3동","name_eng":"Beon 3(sam)-dong","base_year":"2013"}},{"arcs":[[-812,-792,-871,-854,-860,871]],"type":"Polygon","properties":{"code":"1109061","name":"번2동","name_eng":"Beon 2(i)-dong","base_year":"2013"}},{"arcs":[[-816,-813,-872,-863,-837,-866]],"type":"Polygon","properties":{"code":"1109060","name":"번1동","name_eng":"Beon 1(il)-dong","base_year":"2013"}},{"arcs":[[-736,872,873,874,875,876,877,878,-796,-787]],"type":"Polygon","properties":{"code":"1108085","name":"석관동","name_eng":"Seokgwan-dong","base_year":"2013"}},{"arcs":[[879,880,881,882,883,884,885]],"type":"Polygon","properties":{"code":"1108084","name":"종암동","name_eng":"Jongam-dong","base_year":"2013"}},{"arcs":[[886,887,888,889,890]],"type":"Polygon","properties":{"code":"1108083","name":"동선동","name_eng":"Dongseon-dong","base_year":"2013"}},{"arcs":[[-889,891,892,893,894,895,896,897]],"type":"Polygon","properties":{"code":"1108082","name":"삼선동","name_eng":"Samseondong","base_year":"2013"}},{"arcs":[[898,899,900,-890,-898,901,902,903,904]],"type":"Polygon","properties":{"code":"1108081","name":"성북동","name_eng":"Seongbuk-dong","base_year":"2013"}},{"arcs":[[-797,-879,905,906,-869]],"type":"Polygon","properties":{"code":"1108078","name":"장위3동","name_eng":"Jangwi 3(sam)-dong","base_year":"2013"}},{"arcs":[[-906,-878,907,908]],"type":"Polygon","properties":{"code":"1108077","name":"장위2동","name_eng":"Jangwi 2(i)-dong","base_year":"2013"}},{"arcs":[[-907,-909,909,910,-856,-870]],"type":"Polygon","properties":{"code":"1108076","name":"장위1동","name_eng":"Jangwi 1(il)-dong","base_year":"2013"}},{"arcs":[[-910,-908,-877,911,912,-882,913]],"type":"Polygon","properties":{"code":"1108072","name":"월곡2동","name_eng":"Wolgok 2(i)-dong","base_year":"2013"}},{"arcs":[[-914,-881,914,-857,-911]],"type":"Polygon","properties":{"code":"1108071","name":"월곡1동","name_eng":"Wolgok 1(il)-dong","base_year":"2013"}},{"arcs":[[-850,-858,-915,-880,915,916]],"type":"Polygon","properties":{"code":"1108068","name":"길음2동","name_eng":"Gireum 2(i)-dong","base_year":"2013"}},{"arcs":[[-846,-851,-917,917,918,919]],"type":"Polygon","properties":{"code":"1108066","name":"길음1동","name_eng":"Gireum 1(il)-dong","base_year":"2013"}},{"arcs":[[-839,-868,-864,-847,-920,920,921,922,923,924]],"type":"Polygon","properties":{"code":"1108065","name":"정릉4동","name_eng":"Jeongneung 4(sa)-dong","base_year":"2013"}},{"arcs":[[-923,925,-899,926]],"type":"Polygon","properties":{"code":"1108064","name":"정릉3동","name_eng":"Jeongneung 3(sam)-dong","base_year":"2013"}},{"arcs":[[-922,927,928,-900,-926]],"type":"Polygon","properties":{"code":"1108063","name":"정릉2동","name_eng":"Jeongneung 2(i)-dong","base_year":"2013"}},{"arcs":[[-921,-919,929,930,-928]],"type":"Polygon","properties":{"code":"1108062","name":"정릉1동","name_eng":"Jeongneung 1(il)-dong","base_year":"2013"}},{"arcs":[[931,932,933,934,935,-893]],"type":"Polygon","properties":{"code":"1108061","name":"보문동","name_eng":"Bomun-dong","base_year":"2013"}},{"arcs":[[936,937,-932,-892,-888,-885]],"type":"Polygon","properties":{"code":"1108060","name":"안암동","name_eng":"Anamdong","base_year":"2013"}},{"arcs":[[-931,938,-891,-901,-929]],"type":"Polygon","properties":{"code":"1108059","name":"돈암2동","name_eng":"Donam 2(i)-dong","base_year":"2013"}},{"arcs":[[-916,-886,-887,-939,-930,-918]],"type":"Polygon","properties":{"code":"1108058","name":"돈암1동","name_eng":"Donam 1(il)-dong","base_year":"2013"}},{"arcs":[[939,940,941,942,943]],"type":"Polygon","properties":{"code":"1107073","name":"망우본동","name_eng":"Mangubondong","base_year":"2013"}},{"arcs":[[944,945,946,947,948]],"type":"Polygon","properties":{"code":"1107072","name":"면목3·8동","name_eng":"Myeonmok3·8-dong","base_year":"2013"}},{"arcs":[[949,-948,950,951,952]],"type":"Polygon","properties":{"code":"1107071","name":"면목본동","name_eng":"Myeonmokbondong","base_year":"2013"}},{"arcs":[[953,954,955,956]],"type":"Polygon","properties":{"code":"1107070","name":"신내2동","name_eng":"Sinnae 2(i)-dong","base_year":"2013"}},{"arcs":[[957,-944,958,-954,959,-785]],"type":"Polygon","properties":{"code":"1107069","name":"신내1동","name_eng":"Sinnae 1(il)-dong","base_year":"2013"}},{"arcs":[[-941,960,-949,-950]],"type":"Polygon","properties":{"code":"1107068","name":"망우3동","name_eng":"Mangu 3(sam)-dong","base_year":"2013"}},{"arcs":[[-735,961,962,963,-873]],"type":"Polygon","properties":{"code":"1107065","name":"묵2동","name_eng":"Muk 2(i)-dong","base_year":"2013"}},{"arcs":[[-786,-960,-957,964,-962,-734]],"type":"Polygon","properties":{"code":"1107064","name":"묵1동","name_eng":"Muk 1(il)-dong","base_year":"2013"}},{"arcs":[[-963,965,966,967,968,969,970]],"type":"Polygon","properties":{"code":"1107062","name":"중화2동","name_eng":"Junghwa 2(i)-dong","base_year":"2013"}},{"arcs":[[-956,971,-966,-965]],"type":"Polygon","properties":{"code":"1107061","name":"중화1동","name_eng":"Junghwa 1(il)-dong","base_year":"2013"}},{"arcs":[[-942,-953,972,973,-968,974]],"type":"Polygon","properties":{"code":"1107060","name":"상봉2동","name_eng":"Sangbong 2(i)-dong","base_year":"2013"}},{"arcs":[[-955,-959,-943,-975,-967,-972]],"type":"Polygon","properties":{"code":"1107059","name":"상봉1동","name_eng":"Sangbong 1(il)-dong","base_year":"2013"}},{"arcs":[[-946,975,976,977,978]],"type":"Polygon","properties":{"code":"1107057","name":"면목7동","name_eng":"Myeonmok 7(chil)-dong","base_year":"2013"}},{"arcs":[[979,-951,-947,-979,980,981,982]],"type":"Polygon","properties":{"code":"1107055","name":"면목5동","name_eng":"Myeonmok 5(o)-dong","base_year":"2013"}},{"arcs":[[-978,983,984,985,-981]],"type":"Polygon","properties":{"code":"1107054","name":"면목4동","name_eng":"Myeonmok 4(sa)-dong","base_year":"2013"}},{"arcs":[[-952,-980,986,-973]],"type":"Polygon","properties":{"code":"1107052","name":"면목2동","name_eng":"Myeonmok 2(i)-dong","base_year":"2013"}},{"arcs":[[-964,-971,987,-874]],"type":"Polygon","properties":{"code":"1106090","name":"이문2동","name_eng":"Imun 2(i)-dong","base_year":"2013"}},{"arcs":[[-875,-988,-970,988,989]],"type":"Polygon","properties":{"code":"1106089","name":"이문1동","name_eng":"Imun 1(il)-dong","base_year":"2013"}},{"arcs":[[-982,-986,990,991,992,993]],"type":"Polygon","properties":{"code":"1106088","name":"장안2동","name_eng":"Jangan 2(i)-dong","base_year":"2013"}},{"arcs":[[-991,994,995,996,997]],"type":"Polygon","properties":{"code":"1106087","name":"장안1동","name_eng":"Jangan 1(il)-dong","base_year":"2013"}},{"arcs":[[-992,-998,998,999,1000]],"type":"Polygon","properties":{"code":"1106086","name":"답십리2동","name_eng":"Dapsimni 2(i)-dong","base_year":"2013"}},{"arcs":[[1001,-1000,1002,1003]],"type":"Polygon","properties":{"code":"1106085","name":"답십리1동","name_eng":"Dapsimni 1(il)-dong","base_year":"2013"}},{"arcs":[[-993,-1001,1004,1005]],"type":"Polygon","properties":{"code":"1106084","name":"전농2동","name_eng":"Jeonnong 2(i)-dong","base_year":"2013"}},{"arcs":[[1006,-1005,-1002,1007,1008,1009,1010,1011]],"type":"Polygon","properties":{"code":"1106083","name":"전농1동","name_eng":"Jeonnong 1(il)-dong","base_year":"2013"}},{"arcs":[[-884,1012,-1009,1013,-937]],"type":"Polygon","properties":{"code":"1106082","name":"제기동","name_eng":"Jegi-dong","base_year":"2013"}},{"arcs":[[-938,-1014,-1008,-1004,1014,1015,1016,-933]],"type":"Polygon","properties":{"code":"1106081","name":"용신동","name_eng":"Yongsindong","base_year":"2013"}},{"arcs":[[-913,1017,-1010,-1013,-883]],"type":"Polygon","properties":{"code":"1106080","name":"청량리동","name_eng":"Cheongnyangni-dong","base_year":"2013"}},{"arcs":[[-987,-983,-994,-1006,-1007,1018,-974]],"type":"Polygon","properties":{"code":"1106073","name":"휘경2동","name_eng":"Hwigyeong 2(i)-dong","base_year":"2013"}},{"arcs":[[-1019,-1012,1019,-989,-969]],"type":"Polygon","properties":{"code":"1106072","name":"휘경1동","name_eng":"Hwigyeong 1(il)-dong","base_year":"2013"}},{"arcs":[[-876,-990,-1020,-1011,-1018,-912]],"type":"Polygon","properties":{"code":"1106071","name":"회기동","name_eng":"Hoegi-dong","base_year":"2013"}},{"arcs":[[1020,1021,-145,1022,1023]],"type":"Polygon","properties":{"code":"1105067","name":"자양4동","name_eng":"Jayang4-dong","base_year":"2013"}},{"arcs":[[1024,1025,-63,-194,-1022,1026]],"type":"Polygon","properties":{"code":"1105066","name":"자양3동","name_eng":"Jayang 3(sam)-dong","base_year":"2013"}},{"arcs":[[1027,-69,-57,-58,-1026,1028,1029]],"type":"Polygon","properties":{"code":"1105065","name":"자양2동","name_eng":"Jayang 2(i)-dong","base_year":"2013"}},{"arcs":[[1030,-1029,-1025,1031]],"type":"Polygon","properties":{"code":"1105064","name":"자양1동","name_eng":"Jayang 1(il)-dong","base_year":"2013"}},{"arcs":[[1032,-38,-12,-133,-132,1033,1034]],"type":"Polygon","properties":{"code":"1105063","name":"광장동","name_eng":"Gwangjang-dong","base_year":"2013"}},{"arcs":[[-1034,-131,-74,-70,-1028,1035,1036]],"type":"Polygon","properties":{"code":"1105062","name":"구의3동","name_eng":"Guui 3(sam)-dong","base_year":"2013"}},{"arcs":[[1037,-1035,-1037,1038,1039,1040]],"type":"Polygon","properties":{"code":"1105061","name":"구의2동","name_eng":"Guui 2(i)-dong","base_year":"2013"}},{"arcs":[[-1039,-1036,-1030,-1031,1041,1042]],"type":"Polygon","properties":{"code":"1105060","name":"구의1동","name_eng":"Guui 1(il)-dong","base_year":"2013"}},{"arcs":[[1043,-1040,-1043,1044,1045,1046]],"type":"Polygon","properties":{"code":"1105059","name":"능동","name_eng":"Neung-dong","base_year":"2013"}},{"arcs":[[1047,-1041,-1044,1048,1049,-984,-977]],"type":"Polygon","properties":{"code":"1105058","name":"중곡4동","name_eng":"Junggok 4(sa)-dong","base_year":"2013"}},{"arcs":[[-985,-1050,1050,1051,-995]],"type":"Polygon","properties":{"code":"1105057","name":"중곡3동","name_eng":"Junggok 3(sam)-dong","base_year":"2013"}},{"arcs":[[-1051,-1049,-1047,1052]],"type":"Polygon","properties":{"code":"1105056","name":"중곡2동","name_eng":"Junggok 2(i)-dong","base_year":"2013"}},{"arcs":[[-1052,-1053,1053,1054,-996]],"type":"Polygon","properties":{"code":"1105055","name":"중곡1동","name_eng":"Junggok 1(il)-dong","base_year":"2013"}},{"arcs":[[-1054,-1046,1055,1056]],"type":"Polygon","properties":{"code":"1105054","name":"군자동","name_eng":"Gunja-dong","base_year":"2013"}},{"arcs":[[-1056,-1045,-1042,-1032,-1027,-1021,1057]],"type":"Polygon","properties":{"code":"1105053","name":"화양동","name_eng":"Hwayang-dong","base_year":"2013"}},{"arcs":[[1058,-154,-201,1059,1060,1061]],"type":"Polygon","properties":{"code":"1104073","name":"옥수동","name_eng":"Oksu-dong","base_year":"2013"}},{"arcs":[[1062,1063,1064,-1062,1065]],"type":"Polygon","properties":{"code":"1104072","name":"금호2·3가동","name_eng":"Geumho2·3Gadong","base_year":"2013"}},{"arcs":[[-1016,1066,1067,1068,1069,1070]],"type":"Polygon","properties":{"code":"1104071","name":"왕십리도선동","name_eng":"Wangsimnidoseondong","base_year":"2013"}},{"arcs":[[-1003,-999,-997,-1055,1071,1072,1073,1074]],"type":"Polygon","properties":{"code":"1104070","name":"용답동","name_eng":"Yongdap-dong","base_year":"2013"}},{"arcs":[[1075,-1072,-1057,1076]],"type":"Polygon","properties":{"code":"1104069","name":"송정동","name_eng":"Songjeong-dong","base_year":"2013"}},{"arcs":[[-1077,-1058,-1024,1077,1078,1079]],"type":"Polygon","properties":{"code":"1104068","name":"성수2가3동","name_eng":"Seongsu 2(i)-ga 3(sam)-dong","base_year":"2013"}},{"arcs":[[-1078,-1023,-144,1080]],"type":"Polygon","properties":{"code":"1104067","name":"성수2가1동","name_eng":"Seongsu 2(i)-ga1(il)-dong","base_year":"2013"}},{"arcs":[[-1073,-1076,-1080,1081,1082,1083]],"type":"Polygon","properties":{"code":"1104066","name":"성수1가2동","name_eng":"Seongsu1(il)-ga2(i)-dong","base_year":"2013"}},{"arcs":[[-1082,-1079,-1081,-150,-151,1084,1085]],"type":"Polygon","properties":{"code":"1104065","name":"성수1가1동","name_eng":"Seongsu1(il)-ga1(il)-dong","base_year":"2013"}},{"arcs":[[1086,-1085,-155,-1059,-1065,1087]],"type":"Polygon","properties":{"code":"1104062","name":"금호4가동","name_eng":"Geumho4Gadong","base_year":"2013"}},{"arcs":[[1088,1089,-1088,-1064,1090,1091,1092]],"type":"Polygon","properties":{"code":"1104059","name":"금호1가동","name_eng":"Geumho1Gadong","base_year":"2013"}},{"arcs":[[1093,-1083,-1086,-1087,-1090,1094,1095]],"type":"Polygon","properties":{"code":"1104058","name":"응봉동","name_eng":"Eungbong-dong","base_year":"2013"}},{"arcs":[[1096,-1095,-1089,1097]],"type":"Polygon","properties":{"code":"1104057","name":"행당2동","name_eng":"Haengdang 2(i)-dong","base_year":"2013"}},{"arcs":[[1098,-1096,-1097,1099,-1068,1100]],"type":"Polygon","properties":{"code":"1104056","name":"행당1동","name_eng":"Haengdang 1(il)-dong","base_year":"2013"}},{"arcs":[[-1074,-1084,-1094,-1099,1101]],"type":"Polygon","properties":{"code":"1104055","name":"사근동","name_eng":"Sageun-dong","base_year":"2013"}},{"arcs":[[-1015,-1075,-1102,-1101,-1067]],"type":"Polygon","properties":{"code":"1104054","name":"마장동","name_eng":"Majang-dong","base_year":"2013"}},{"arcs":[[-1069,-1100,-1098,-1093,1102,1103]],"type":"Polygon","properties":{"code":"1104052","name":"왕십리2동","name_eng":"Wangsimni2-dong","base_year":"2013"}},{"arcs":[[1104,1105,-1060,-200,-248,1106,1107,1108,1109]],"type":"Polygon","properties":{"code":"1103074","name":"한남동","name_eng":"Hannam-dong","base_year":"2013"}},{"arcs":[[1110,1111,1112,1113,1114,1115,1116]],"type":"Polygon","properties":{"code":"1103073","name":"한강로동","name_eng":"Hangangnodong","base_year":"2013"}},{"arcs":[[1117,-1116,1118,1119,1120,1121]],"type":"Polygon","properties":{"code":"1103072","name":"원효로1동","name_eng":"Wonhyoro1-dong","base_year":"2013"}},{"arcs":[[1122,-1122,1123,-602,1124,1125]],"type":"Polygon","properties":{"code":"1103071","name":"청파동","name_eng":"Cheongpadong","base_year":"2013"}},{"arcs":[[-1107,-247,-238,1126,1127]],"type":"Polygon","properties":{"code":"1103070","name":"보광동","name_eng":"Bogwang-dong","base_year":"2013"}},{"arcs":[[1128,-1127,-237,-241,-246,1129,-1112,1130]],"type":"Polygon","properties":{"code":"1103069","name":"서빙고동","name_eng":"Seobinggo-dong","base_year":"2013"}},{"arcs":[[-1109,1131,1132,1133]],"type":"Polygon","properties":{"code":"1103066","name":"이태원2동","name_eng":"Itaewon 2(i)-dong","base_year":"2013"}},{"arcs":[[-1132,-1108,-1128,-1129,1134]],"type":"Polygon","properties":{"code":"1103065","name":"이태원1동","name_eng":"Itaewon 1(il)-dong","base_year":"2013"}},{"arcs":[[-1114,1135,-333,-427,1136]],"type":"Polygon","properties":{"code":"1103064","name":"이촌2동","name_eng":"Ichon 2(i)-dong","base_year":"2013"}},{"arcs":[[-1113,-1130,-245,-332,-341,-334,-1136]],"type":"Polygon","properties":{"code":"1103063","name":"이촌1동","name_eng":"Ichon 1(il)-dong","base_year":"2013"}},{"arcs":[[-604,1137,-1120,1138,-611]],"type":"Polygon","properties":{"code":"1103059","name":"용문동","name_eng":"Yongmun-dong","base_year":"2013"}},{"arcs":[[-1124,-1121,-1138,-603]],"type":"Polygon","properties":{"code":"1103058","name":"효창동","name_eng":"Hyochang-dong","base_year":"2013"}},{"arcs":[[-1139,-1119,-1115,-1137,-426,-612]],"type":"Polygon","properties":{"code":"1103057","name":"원효로2동","name_eng":"Wonhyoro2-dong","base_year":"2013"}},{"arcs":[[1139,1140,-1117,-1118,-1123,1141]],"type":"Polygon","properties":{"code":"1103053","name":"남영동","name_eng":"Namyeong-dong","base_year":"2013"}},{"arcs":[[1142,-1133,-1135,-1131,-1111,-1141,1143,1144]],"type":"Polygon","properties":{"code":"1103052","name":"용산2가동","name_eng":"Yongsan2Gadong","base_year":"2013"}},{"arcs":[[1145,-1144,-1140,1146]],"type":"Polygon","properties":{"code":"1103051","name":"후암동","name_eng":"Huam-dong","base_year":"2013"}},{"arcs":[[-1103,-1092,1147,1148,1149,1150]],"type":"Polygon","properties":{"code":"1102073","name":"동화동","name_eng":"Donghwa-dong","base_year":"2013"}},{"arcs":[[-1148,-1091,-1063,1151,1152]],"type":"Polygon","properties":{"code":"1102072","name":"청구동","name_eng":"Cheonggu-dong","base_year":"2013"}},{"arcs":[[-1152,-1066,-1061,-1106,1153]],"type":"Polygon","properties":{"code":"1102071","name":"약수동","name_eng":"Yaksu-dong","base_year":"2013"}},{"arcs":[[-1149,-1153,-1154,-1105,1154,1155]],"type":"Polygon","properties":{"code":"1102070","name":"다산동","name_eng":"Dasan-dong","base_year":"2013"}},{"arcs":[[1156,1157,-1150,-1156,1158,1159,1160]],"type":"Polygon","properties":{"code":"1102069","name":"신당동","name_eng":"Sindang-dong","base_year":"2013"}},{"arcs":[[1161,-1125,-601,-654,-660,1162]],"type":"Polygon","properties":{"code":"1102068","name":"중림동","name_eng":"Jungnim-dong","base_year":"2013"}},{"arcs":[[-1071,1163,-1157,1164,1165]],"type":"Polygon","properties":{"code":"1102067","name":"황학동","name_eng":"Hwanghak-dong","base_year":"2013"}},{"arcs":[[-1164,-1070,-1104,-1151,-1158]],"type":"Polygon","properties":{"code":"1102065","name":"신당5동","name_eng":"Sindang 5(o)-dong","base_year":"2013"}},{"arcs":[[1166,1167,1168,1169,1170]],"type":"Polygon","properties":{"code":"1102060","name":"을지로동","name_eng":"Euljirodong","base_year":"2013"}},{"arcs":[[-1160,1171,1172,-1167,1173]],"type":"Polygon","properties":{"code":"1102059","name":"광희동","name_eng":"Gwanghuidong","base_year":"2013"}},{"arcs":[[-1159,-1155,-1110,-1134,-1143,1174,-1172]],"type":"Polygon","properties":{"code":"1102058","name":"장충동","name_eng":"Jangchungdong","base_year":"2013"}},{"arcs":[[-1168,-1173,-1175,-1145,-1146,1175,1176]],"type":"Polygon","properties":{"code":"1102057","name":"필동","name_eng":"Pildong","base_year":"2013"}},{"arcs":[[1177,1178,-1169,-1177,1179,1180]],"type":"Polygon","properties":{"code":"1102055","name":"명동","name_eng":"Myeong-dong","base_year":"2013"}},{"arcs":[[-1180,-1176,-1147,-1142,-1126,-1162,1181]],"type":"Polygon","properties":{"code":"1102054","name":"회현동","name_eng":"Hoehyeon-dong","base_year":"2013"}},{"arcs":[[1182,-1181,-1182,-1163,-659,1183]],"type":"Polygon","properties":{"code":"1102052","name":"소공동","name_eng":"Sogong-dong","base_year":"2013"}},{"arcs":[[-902,-897,1184,1185,1186]],"type":"Polygon","properties":{"code":"1101073","name":"혜화동","name_eng":"Hyehwa-dong","base_year":"2013"}},{"arcs":[[1187,1188,1189,1190,1191,-682]],"type":"Polygon","properties":{"code":"1101072","name":"청운효자동","name_eng":"Cheongunhyojadong","base_year":"2013"}},{"arcs":[[-934,-1017,-1166,1192,1193]],"type":"Polygon","properties":{"code":"1101071","name":"숭인2동","name_eng":"Sungin 2(i)-dong","base_year":"2013"}},{"arcs":[[-935,-1194,1194,1195]],"type":"Polygon","properties":{"code":"1101070","name":"숭인1동","name_eng":"Sungin 1(il)-dong","base_year":"2013"}},{"arcs":[[-936,-1196,1196,1197,-894]],"type":"Polygon","properties":{"code":"1101069","name":"창신3동","name_eng":"Changsin 3(sam)-dong","base_year":"2013"}},{"arcs":[[-895,-1198,1198,1199,1200]],"type":"Polygon","properties":{"code":"1101068","name":"창신2동","name_eng":"Changsin 2(i)-dong","base_year":"2013"}},{"arcs":[[-1197,-1195,-1193,-1165,-1161,1201,-1199]],"type":"Polygon","properties":{"code":"1101067","name":"창신1동","name_eng":"Changsin 1(il)-dong","base_year":"2013"}},{"arcs":[[-1185,-896,-1201,1202,1203]],"type":"Polygon","properties":{"code":"1101064","name":"이화동","name_eng":"Ihwa-dong","base_year":"2013"}},{"arcs":[[-1203,-1200,-1202,-1174,-1171,1204]],"type":"Polygon","properties":{"code":"1101063","name":"종로5·6가동","name_eng":"Jongno5·6Gadong","base_year":"2013"}},{"arcs":[[-1186,-1204,-1205,-1170,-1179,1205,-1190,1206,1207]],"type":"Polygon","properties":{"code":"1101061","name":"종로1·2·3·4가동","name_eng":"Jongno1·2·3·4Gadong","base_year":"2013"}},{"arcs":[[-903,-1187,-1208,1208]],"type":"Polygon","properties":{"code":"1101060","name":"가회동","name_eng":"Gahoe-dong","base_year":"2013"}},{"arcs":[[1209,-1184,-658,-690,1210]],"type":"Polygon","properties":{"code":"1101058","name":"교남동","name_eng":"Gyonam-dong","base_year":"2013"}},{"arcs":[[1211,-1211,-691,-688,-683,-1192]],"type":"Polygon","properties":{"code":"1101057","name":"무악동","name_eng":"Muak-dong","base_year":"2013"}},{"arcs":[[1212,-924,-927,-905,1213,1214,-680,-732,-730,-707]],"type":"Polygon","properties":{"code":"1101056","name":"평창동","name_eng":"Pyeongchang-dong","base_year":"2013"}},{"arcs":[[-1215,1215,-1188,-681,-686,-676]],"type":"Polygon","properties":{"code":"1101055","name":"부암동","name_eng":"Buam-dong","base_year":"2013"}},{"arcs":[[-1214,-904,-1209,-1207,-1189,-1216]],"type":"Polygon","properties":{"code":"1101054","name":"삼청동","name_eng":"Samcheong-dong","base_year":"2013"}},{"arcs":[[-1212,-1191,-1206,-1178,-1183,-1210]],"type":"Polygon","properties":{"code":"1101053","name":"사직동","name_eng":"Sajik-dong","base_year":"2013"}}]}},"arcs":[[[4182,1552],[65,-46],[64,-9]],[[4311,1497],[-190,-97],[-49,-4]],[[4072,1396],[-47,17]],[[4025,1413],[27,69],[54,24]],[[4106,1506],[11,37]],[[4117,1543],[65,9]],[[3951,1610],[77,-40]],[[4028,1570],[-38,-62]],[[3990,1508],[-52,-63]],[[3938,1445],[-35,11]],[[3903,1456],[-150,66]],[[3753,1522],[32,80]],[[3785,1602],[166,8]],[[4137,1672],[-36,-52]],[[4101,1620],[-73,-50]],[[3951,1610],[18,61]],[[3969,1671],[168,1]],[[4311,1497],[-75,-101],[-3,-61],[-82,-98]],[[4151,1237],[-12,61],[-89,30]],[[4050,1328],[22,68]],[[4151,1237],[-13,-66]],[[4138,1171],[-117,60]],[[4021,1231],[29,97]],[[4021,1231],[-57,30]],[[3964,1261],[34,84]],[[3998,1345],[27,68]],[[3938,1445],[87,-32]],[[3998,1345],[-116,40]],[[3882,1385],[21,71]],[[3964,1261],[-105,57]],[[3859,1318],[23,67]],[[3990,1508],[116,-2]],[[4101,1620],[16,-77]],[[4020,1853],[82,24]],[[4102,1877],[61,-113],[-26,-92]],[[3969,1671],[51,182]],[[3792,1745],[39,-4],[61,56],[128,56]],[[3785,1602],[16,50],[-9,93]],[[4230,1923],[94,54]],[[4324,1977],[64,-91],[-26,-25],[60,-88],[11,-68]],[[4433,1705],[-164,-25]],[[4269,1680],[-7,166],[-32,77]],[[4102,1877],[128,46]],[[4269,1680],[-69,-9]],[[4200,1671],[-63,1]],[[4269,1680],[-7,-122],[80,-16]],[[4342,1542],[-31,-45]],[[4182,1552],[18,119]],[[4433,1705],[29,-157]],[[4462,1548],[-120,-6]],[[4324,1977],[35,22],[101,1],[57,-138],[31,-109],[-6,-107],[21,-98],[-101,0]],[[3543,1291],[150,-229]],[[3693,1062],[-74,-29]],[[3619,1033],[-73,13]],[[3546,1046],[-57,54]],[[3489,1100],[78,4],[-45,180]],[[3522,1284],[21,7]],[[3347,1261],[55,-3],[120,26]],[[3489,1100],[-79,3]],[[3410,1103],[-104,-24]],[[3306,1079],[-4,3]],[[3302,1082],[-16,196]],[[3286,1278],[61,-17]],[[3410,1103],[13,-68],[-69,-61]],[[3354,974],[-37,39],[-11,66]],[[3628,1311],[53,-73],[40,-86]],[[3721,1152],[16,-47]],[[3737,1105],[-44,-43]],[[3543,1291],[20,10]],[[3563,1301],[65,10]],[[3637,1316],[64,-53],[127,1]],[[3828,1264],[-42,-86]],[[3786,1178],[-65,-26]],[[3628,1311],[9,5]],[[3546,1046],[-77,-110]],[[3469,936],[-90,26]],[[3379,962],[-25,12]],[[4065,871],[1,-46],[51,-24]],[[4117,801],[-28,-62],[26,-33],[75,-21]],[[4190,685],[-32,-48],[-48,-2],[-33,-41],[-92,26],[22,-99],[-67,13]],[[3940,534],[5,99],[-31,80]],[[3914,713],[27,52],[76,56]],[[4017,821],[48,50]],[[3854,848],[26,-48]],[[3880,800],[34,-87]],[[3940,534],[-47,-49]],[[3893,485],[-19,69],[-105,166]],[[3769,720],[-31,84]],[[3738,804],[116,44]],[[3880,800],[57,34]],[[3937,834],[40,22],[40,-35]],[[4080,889],[-15,-18]],[[3937,834],[-21,55],[41,84]],[[3957,973],[123,-84]],[[3811,922],[43,-74]],[[3738,804],[-68,58]],[[3670,862],[-57,29]],[[3613,891],[6,15]],[[3619,906],[136,54],[21,-9]],[[3776,951],[35,-29]],[[3911,1017],[46,-44]],[[3811,922],[92,77],[-8,18]],[[3895,1017],[16,0]],[[3619,1033],[0,-127]],[[3613,891],[-69,22]],[[3544,913],[-75,23]],[[3693,1062],[67,-89]],[[3760,973],[16,-22]],[[3760,973],[71,76]],[[3831,1049],[64,-32]],[[3737,1105],[94,-56]],[[4090,1057],[45,-53]],[[4135,1004],[-26,-65]],[[4109,939],[-29,-50]],[[3911,1017],[45,85]],[[3956,1102],[134,-45]],[[4138,1171],[-48,-114]],[[3956,1102],[-77,37]],[[3879,1139],[-93,39]],[[3828,1264],[31,54]],[[3879,1139],[-48,-90]],[[4135,1004],[158,-36],[15,-59]],[[4308,909],[-39,16],[-83,-28]],[[4186,897],[-26,22]],[[4160,919],[-51,20]],[[4308,909],[-26,-93]],[[4282,816],[-96,81]],[[4282,816],[-65,-33],[-27,-98]],[[4117,801],[43,118]],[[3694,1423],[74,0],[114,-38]],[[3637,1316],[46,89]],[[3683,1405],[11,18]],[[3694,1423],[59,99]],[[3339,854],[48,-6],[14,-72]],[[3401,776],[-51,-112],[48,-49]],[[3398,615],[-87,-15]],[[3311,600],[-140,183]],[[3171,783],[99,32]],[[3270,815],[69,39]],[[3379,962],[-40,-108]],[[3270,815],[-51,116]],[[3219,931],[-46,106]],[[3173,1037],[129,45]],[[3089,1377],[82,-45]],[[3171,1332],[96,-47]],[[3267,1285],[-41,-51],[-124,-38]],[[3102,1196],[-89,-19]],[[3013,1177],[-32,73]],[[2981,1250],[50,54],[24,73]],[[3055,1377],[34,0]],[[2861,1456],[17,5],[177,-84]],[[2981,1250],[-122,-44]],[[2859,1206],[6,93],[-78,118]],[[2787,1417],[46,31]],[[2833,1448],[28,8]],[[3893,485],[-53,-40],[-122,5],[-31,-39],[-58,-11],[-21,35]],[[3608,435],[-130,152],[7,32]],[[3485,619],[86,26]],[[3571,645],[48,11],[7,54],[61,48],[23,-40],[59,2]],[[3571,645],[22,68],[-10,66],[-36,52]],[[3547,831],[123,31]],[[3544,913],[-119,-51],[24,-66]],[[3449,796],[-48,-20]],[[3547,831],[-98,-35]],[[3485,619],[-87,-4]],[[3118,746],[23,-50],[96,-110]],[[3237,586],[-10,-51],[-86,-3],[-46,23]],[[3095,555],[16,14],[-78,108]],[[3033,677],[85,69]],[[3311,600],[-74,-14]],[[3118,746],[53,37]],[[3132,898],[39,-115]],[[3033,677],[-29,78]],[[3004,755],[93,37],[-34,79]],[[3063,871],[64,36]],[[3127,907],[5,-9]],[[3004,755],[-79,-13]],[[2925,742],[-27,66]],[[2898,808],[101,38]],[[2999,846],[64,25]],[[2999,846],[-42,108],[111,45]],[[3068,999],[59,-92]],[[3036,1068],[52,-61]],[[3088,1007],[-20,-8]],[[2898,808],[-44,111]],[[2854,919],[-35,87]],[[2819,1006],[0,1]],[[2819,1007],[104,36]],[[2923,1043],[113,25]],[[3219,931],[-87,-33]],[[3088,1007],[85,30]],[[3102,1196],[71,-159]],[[3036,1068],[-23,109]],[[3267,1285],[19,-7]],[[2923,1043],[-64,163]],[[2819,1007],[-45,82]],[[2774,1089],[-9,72]],[[2765,1161],[94,45]],[[2765,1161],[-27,88],[-57,66]],[[2681,1315],[99,96]],[[2780,1411],[7,6]],[[3608,435],[-41,-102],[-46,-60],[0,-45],[-67,-61],[-83,17],[-36,-86],[-2,-66],[-89,-17]],[[3244,15],[4,109],[-69,107],[-70,80],[-86,180],[72,64]],[[3244,15],[-121,-15],[-184,167],[31,47],[-23,91],[7,67],[-76,116]],[[2878,488],[-9,32],[52,67],[61,24],[51,66]],[[2878,488],[-41,-91],[-61,-31],[-104,-11],[-64,96],[-20,62]],[[2588,513],[76,66]],[[2664,579],[104,61]],[[2768,640],[79,48]],[[2847,688],[61,7],[17,47]],[[2501,867],[52,-28]],[[2553,839],[6,-26]],[[2559,813],[-122,-46]],[[2437,767],[-83,-14]],[[2354,753],[6,73]],[[2360,826],[141,41]],[[2574,712],[90,-133]],[[2588,513],[-78,-8]],[[2510,505],[-17,28],[-87,31],[-3,79],[78,41]],[[2481,684],[93,28]],[[2437,767],[44,-83]],[[2510,505],[6,-60],[-90,-53]],[[2426,392],[-5,98],[-62,96],[-11,51]],[[2348,637],[6,116]],[[2559,813],[15,-101]],[[2448,922],[53,-55]],[[2360,826],[3,72],[53,25]],[[2416,923],[32,-1]],[[2650,1044],[36,-106]],[[2686,938],[1,-4]],[[2687,934],[-76,-28],[-58,-67]],[[2448,922],[135,50],[-21,41]],[[2562,1013],[88,31]],[[2599,1214],[49,-61],[31,-99]],[[2679,1054],[-29,-10]],[[2562,1013],[-56,142]],[[2506,1155],[49,29]],[[2555,1184],[44,30]],[[2416,923],[1,5]],[[2417,928],[56,57],[-4,56],[-35,73]],[[2434,1114],[72,41]],[[2819,1006],[-133,-68]],[[2679,1054],[95,35]],[[2417,928],[-74,48],[-11,131]],[[2332,1107],[26,18]],[[2358,1125],[76,-11]],[[2599,1214],[39,58]],[[2638,1272],[43,43]],[[2854,919],[-70,-26]],[[2784,893],[-61,-22]],[[2723,871],[-36,63]],[[2723,871],[-9,-94],[54,-137]],[[2847,688],[-63,205]],[[1689,723],[29,-79]],[[1718,644],[-96,-73],[-4,-73]],[[1618,498],[-14,-12]],[[1604,486],[-15,6]],[[1589,492],[0,4]],[[1589,496],[-46,88]],[[1543,584],[41,57],[-25,53]],[[1559,694],[53,11]],[[1612,705],[77,18]],[[1775,616],[52,-43]],[[1827,573],[-28,-61],[77,-105],[-32,-98],[-51,-54]],[[1793,255],[-25,31]],[[1768,286],[-69,94]],[[1699,380],[6,82]],[[1705,462],[36,62],[4,84]],[[1745,608],[30,8]],[[1705,462],[-40,40],[-47,-4]],[[1718,644],[27,-36]],[[1961,707],[71,-9]],[[2032,698],[-3,-135]],[[2029,563],[-65,22]],[[1964,585],[-78,71]],[[1886,656],[-41,44],[23,36]],[[1868,736],[93,-29]],[[1973,865],[96,-30]],[[2069,835],[8,-69]],[[2077,766],[-6,-10]],[[2071,756],[-103,17]],[[1968,773],[-39,68]],[[1929,841],[44,24]],[[1968,773],[-7,-66]],[[1868,736],[-40,9]],[[1828,745],[8,21]],[[1836,766],[48,-3],[2,62]],[[1886,825],[24,19]],[[1910,844],[19,-3]],[[2029,563],[40,-69],[-7,-44],[55,-90],[57,-9]],[[2174,351],[44,-74],[-11,-36]],[[2207,241],[-47,-16],[-15,-59],[-109,-20],[-150,-48],[-11,58],[-82,71],[0,28]],[[1827,573],[139,-24],[-2,36]],[[1599,777],[13,-72]],[[1559,694],[-112,-8]],[[1447,686],[41,61]],[[1488,747],[111,30]],[[1699,380],[-44,-1]],[[1655,379],[-47,12]],[[1608,391],[-4,95]],[[1719,813],[117,-47]],[[1828,745],[-83,-13]],[[1745,732],[-5,-1]],[[1740,731],[-80,77]],[[1660,808],[59,5]],[[1740,731],[-51,-8]],[[1599,777],[29,20]],[[1628,797],[32,11]],[[1775,616],[9,4]],[[1784,620],[102,36]],[[1745,732],[44,-68],[-5,-44]],[[2426,392],[-65,-19],[-21,-49],[-75,-72],[-58,-11]],[[2174,351],[52,80],[-65,85]],[[2161,516],[67,14],[-2,90]],[[2226,620],[122,17]],[[2161,516],[-34,104],[10,29]],[[2137,649],[89,-29]],[[2071,756],[-39,-58]],[[2032,698],[105,-49]],[[2077,766],[58,-15]],[[2135,751],[35,-76]],[[2170,675],[53,-38]],[[2223,637],[3,-17]],[[2125,848],[10,-97]],[[2069,835],[56,13]],[[1719,813],[62,54]],[[1781,867],[105,-42]],[[2354,753],[-32,-14]],[[2322,739],[-73,99],[-105,36]],[[2144,874],[-20,43]],[[2124,917],[113,84],[45,108]],[[2282,1109],[50,-2]],[[2006,1211],[75,-61]],[[2081,1150],[57,-27]],[[2138,1123],[-93,-75]],[[2045,1048],[-40,1]],[[2005,1049],[-119,-30]],[[1886,1019],[8,103],[-19,47]],[[1875,1169],[131,42]],[[2124,917],[-48,19],[-31,112]],[[2138,1123],[144,-14]],[[1766,931],[15,-64]],[[1628,797],[-19,104]],[[1609,901],[66,26]],[[1675,927],[91,4]],[[1556,848],[53,53]],[[1488,747],[34,52]],[[1522,799],[34,49]],[[1738,1159],[77,-4]],[[1815,1155],[25,-116]],[[1840,1039],[-29,-39]],[[1811,1000],[-44,-8],[-1,-61]],[[1675,927],[6,38]],[[1681,965],[50,149],[-2,29]],[[1729,1143],[9,16]],[[2136,869],[45,-82],[49,-42]],[[2230,745],[-60,-70]],[[2125,848],[11,21]],[[2284,725],[-61,-88]],[[2230,745],[54,-20]],[[2322,739],[-38,-14]],[[2136,869],[8,5]],[[1978,936],[-5,-71]],[[1910,844],[-107,109],[49,36]],[[1852,989],[32,-36],[94,-17]],[[1811,1000],[41,-11]],[[2005,1049],[-51,-63],[24,-50]],[[1840,1039],[46,-20]],[[1815,1155],[60,14]],[[1368,1221],[97,-23]],[[1465,1198],[30,-54]],[[1495,1144],[-63,-46]],[[1432,1098],[-57,-27]],[[1375,1071],[-148,97]],[[1227,1168],[4,61]],[[1231,1229],[137,-8]],[[1566,1088],[-133,-71]],[[1433,1017],[-34,37]],[[1399,1054],[-24,17]],[[1432,1098],[47,-25],[57,37],[30,-22]],[[1598,1270],[47,-66]],[[1645,1204],[-10,-27]],[[1635,1177],[-109,-13],[-31,-20]],[[1465,1198],[19,94]],[[1484,1292],[82,3],[32,-25]],[[1635,1177],[24,-42],[-56,-38]],[[1603,1097],[-37,-9]],[[1433,1017],[25,-31]],[[1458,986],[36,-76]],[[1494,910],[-42,-32]],[[1452,878],[-50,-37]],[[1402,841],[-20,75]],[[1382,916],[3,129]],[[1385,1045],[14,9]],[[1452,878],[70,-79]],[[1488,747],[-62,35],[-24,59]],[[1542,912],[14,-64]],[[1494,910],[48,2]],[[1681,965],[-59,37]],[[1622,1002],[8,19]],[[1630,1021],[65,31],[34,91]],[[1542,912],[23,82]],[[1565,994],[57,8]],[[1458,986],[106,11]],[[1564,997],[1,-3]],[[1603,1097],[27,-76]],[[1564,997],[2,91]],[[1645,1204],[93,-45]],[[1417,1560],[80,-46]],[[1497,1514],[-109,-181]],[[1388,1333],[-45,16]],[[1343,1349],[14,72],[-56,103]],[[1301,1524],[-10,35],[49,52]],[[1340,1611],[77,-51]],[[1388,1333],[-20,-112]],[[1231,1229],[0,11]],[[1231,1240],[21,55],[74,58]],[[1326,1353],[17,-4]],[[1537,1498],[7,-54],[54,-174]],[[1484,1292],[-96,41]],[[1497,1514],[40,-16]],[[1612,1478],[120,-31]],[[1732,1447],[94,-20]],[[1826,1427],[34,-26]],[[1860,1401],[71,-65]],[[1931,1336],[30,-28]],[[1961,1308],[45,-97]],[[1537,1498],[75,-20]],[[1655,379],[-47,-52],[-19,-62],[95,-59]],[[1684,206],[-64,-54]],[[1620,152],[-131,98]],[[1489,250],[31,83]],[[1520,333],[88,58]],[[1520,333],[-19,114]],[[1501,447],[88,45]],[[1620,152],[-72,-82],[-65,4],[-44,68],[-6,71]],[[1433,213],[56,37]],[[1768,286],[-84,-80]],[[1439,408],[62,39]],[[1433,213],[-45,106]],[[1388,319],[-11,62],[62,27]],[[1589,496],[-62,19],[-100,-12]],[[1427,503],[4,65]],[[1431,568],[112,16]],[[1431,568],[10,99]],[[1441,667],[6,19]],[[1439,408],[-12,95]],[[1411,662],[30,5]],[[1388,319],[-51,1],[-36,49],[27,80],[-21,29]],[[1307,478],[32,16],[-28,82],[74,2],[22,83]],[[1407,661],[4,1]],[[1175,753],[65,7]],[[1240,760],[107,-89],[60,-10]],[[1307,478],[-111,171],[-21,104]],[[854,1045],[83,-104],[33,35]],[[970,976],[17,-64],[60,-8],[12,-37]],[[1059,867],[-147,23]],[[912,890],[-74,52],[-62,6]],[[776,948],[18,71],[60,26]],[[1161,1059],[86,-60]],[[1247,999],[83,-115]],[[1330,884],[-12,-58],[-40,-5],[22,-75]],[[1300,746],[-65,33]],[[1235,779],[-3,176],[-130,-48]],[[1102,907],[35,114]],[[1137,1021],[24,38]],[[1300,746],[2,1]],[[1302,747],[58,-17],[51,-68]],[[1240,760],[-5,19]],[[627,1056],[48,-1],[80,-76],[0,-24]],[[755,955],[-24,-37],[42,-62]],[[773,856],[-123,0],[-41,-62]],[[609,794],[-96,63],[-19,38],[67,35],[66,126]],[[889,883],[-6,-63]],[[883,820],[-38,-52],[40,-56]],[[885,712],[-26,-18],[-4,-89],[-67,19],[-191,1],[-26,30],[3,103],[35,36]],[[773,856],[116,27]],[[912,890],[-23,-7]],[[755,955],[21,-7]],[[1047,826],[-123,-123],[-39,9]],[[883,820],[57,-9],[107,15]],[[1059,867],[44,20]],[[1103,887],[2,-6]],[[1105,881],[-58,-55]],[[993,1078],[51,-52]],[[1044,1026],[-74,-50]],[[854,1045],[51,35],[88,-2]],[[1102,907],[1,-20]],[[1044,1026],[93,-5]],[[1382,916],[-52,-32]],[[1247,999],[96,55],[42,-9]],[[1402,841],[-100,-94]],[[1175,753],[27,33],[-83,61],[-14,34]],[[1161,1059],[55,76]],[[1216,1135],[11,33]],[[857,1712],[-16,-77],[30,-42]],[[871,1593],[-72,-96]],[[799,1497],[-1,1]],[[798,1498],[-45,84]],[[753,1582],[21,140]],[[774,1722],[83,-10]],[[799,1497],[35,-65]],[[834,1432],[58,-116]],[[892,1316],[-93,-18]],[[799,1298],[-58,137]],[[741,1435],[-15,39]],[[726,1474],[72,24]],[[553,2173],[96,-57]],[[649,2116],[-55,-67],[-20,-65],[23,-67]],[[597,1917],[-61,23],[-138,-13]],[[398,1927],[32,100],[80,16],[6,60],[37,70]],[[398,1927],[74,-10],[23,-44],[-19,-78]],[[476,1795],[-37,-32],[-65,8],[-44,42],[27,62],[-79,91]],[[278,1966],[32,82],[54,77],[-42,126],[53,81],[40,-13],[138,-146]],[[597,1917],[12,-83],[-42,-28]],[[567,1806],[-91,-11]],[[567,1806],[45,-64]],[[612,1742],[-3,-35],[-94,-90],[-11,-103]],[[504,1514],[-113,0],[-49,-67],[-44,-26],[-34,106],[-55,33],[-75,-1],[-48,35],[-48,-3],[-38,61],[18,51],[81,64],[12,67],[53,43],[3,45],[74,51],[37,-7]],[[753,1582],[-70,-25]],[[683,1557],[-56,-68]],[[627,1489],[-29,-4]],[[598,1485],[-82,-1],[-12,30]],[[612,1742],[162,-20]],[[1115,1792],[-20,-54],[-48,-39]],[[1047,1699],[-87,56]],[[960,1755],[57,101]],[[1017,1856],[98,-64]],[[914,1948],[75,-13]],[[989,1935],[28,-79]],[[960,1755],[-69,44]],[[891,1799],[-8,65],[31,84]],[[649,2116],[265,-168]],[[891,1799],[-84,47],[-33,-124]],[[923,1431],[2,-110]],[[925,1321],[-33,-5]],[[834,1432],[45,29],[44,-30]],[[929,1686],[59,-24]],[[988,1662],[-31,-105]],[[957,1557],[-86,36]],[[857,1712],[72,-26]],[[969,1512],[50,-15],[33,-79]],[[1052,1418],[5,-77]],[[1057,1341],[-60,-9]],[[997,1332],[-10,57],[-46,44]],[[941,1433],[-12,44],[40,35]],[[726,1474],[-37,25],[-6,58]],[[997,1332],[-72,-11]],[[923,1431],[18,2]],[[957,1557],[12,-45]],[[960,1755],[-31,-69]],[[1060,1627],[-23,-91],[17,-70]],[[1054,1466],[-2,-48]],[[988,1662],[72,-35]],[[1047,1699],[47,-35],[-25,-42]],[[1069,1622],[-9,5]],[[1115,1792],[153,-124]],[[1268,1668],[72,-57]],[[1301,1524],[-11,-1]],[[1290,1523],[-49,57],[-110,-3]],[[1131,1577],[-62,45]],[[1057,1341],[16,-96]],[[1073,1245],[-142,-17]],[[931,1228],[-10,6]],[[921,1234],[-29,82]],[[1326,1353],[-77,16],[-157,-23]],[[1092,1346],[61,98]],[[1153,1444],[41,47],[96,32]],[[1042,1170],[16,-64],[63,26],[40,-73]],[[993,1078],[-24,49]],[[969,1127],[73,43]],[[1136,1252],[-13,-61],[93,-56]],[[1042,1170],[52,22],[-21,53]],[[1073,1245],[63,7]],[[931,1228],[38,-101]],[[627,1056],[-17,105],[24,38]],[[634,1199],[104,-46]],[[738,1153],[72,-33],[77,51]],[[887,1171],[34,63]],[[1136,1252],[95,-12]],[[738,1285],[50,-113]],[[788,1172],[-50,-19]],[[634,1199],[5,66]],[[639,1265],[99,20]],[[843,1212],[44,-41]],[[788,1172],[55,40]],[[741,1435],[-73,-13]],[[668,1422],[-41,67]],[[799,1298],[44,-86]],[[738,1285],[61,13]],[[668,1422],[70,-137]],[[639,1265],[28,35],[-73,107],[4,78]],[[1106,1473],[47,-29]],[[1092,1346],[-35,-5]],[[1054,1466],[52,7]],[[1131,1577],[-48,-39],[23,-65]],[[2097,1697],[-88,-176]],[[2009,1521],[-11,5]],[[1998,1526],[11,122],[-20,53]],[[1989,1701],[108,-4]],[[2128,1726],[10,-98]],[[2138,1628],[8,-37]],[[2146,1591],[-51,-43],[-22,-63]],[[2073,1485],[-1,-1]],[[2072,1484],[-63,37]],[[2097,1697],[31,29]],[[1823,1650],[-20,-102],[-71,-101]],[[1612,1478],[63,108]],[[1675,1586],[58,66],[90,1]],[[1823,1653],[0,-3]],[[2072,1484],[-37,-37]],[[2035,1447],[-87,-38],[-17,-73]],[[1860,1401],[149,120]],[[1433,1983],[54,-18]],[[1487,1965],[-17,-19]],[[1470,1946],[-27,-30],[-77,-5],[-3,-63],[36,-38],[-9,-71]],[[1390,1739],[-122,-71]],[[989,1935],[199,65],[8,60],[62,91]],[[1258,2151],[175,-168]],[[1560,1888],[78,-43]],[[1638,1845],[9,-6]],[[1647,1839],[-11,-6]],[[1636,1833],[-144,-48]],[[1492,1785],[-102,-46]],[[1470,1946],[90,-58]],[[1636,1833],[10,-108]],[[1646,1725],[-97,-18]],[[1549,1707],[-7,8]],[[1542,1715],[-50,70]],[[1647,1839],[88,-28],[16,-46]],[[1751,1765],[0,-1]],[[1751,1764],[-105,-39]],[[1542,1715],[-123,-31],[-79,-73]],[[1549,1707],[32,-43]],[[1581,1664],[-99,-37],[-65,-67]],[[1581,1664],[14,-58],[80,-20]],[[1751,1764],[-6,-39],[112,-49]],[[1857,1676],[-34,-23]],[[1900,1564],[-74,-137]],[[1823,1650],[77,-86]],[[1998,1526],[-57,18]],[[1941,1544],[26,155]],[[1967,1699],[22,2]],[[1941,1544],[-41,20]],[[1857,1676],[110,23]],[[1861,2039],[105,-76]],[[1966,1963],[-30,-61],[-105,-79],[-7,-35],[-73,-23]],[[1638,1845],[55,53]],[[1693,1898],[59,54]],[[1752,1952],[103,56],[6,31]],[[1966,1963],[32,-110]],[[1998,1853],[2,-115]],[[2000,1738],[-11,-37]],[[2134,1731],[-6,-5]],[[2000,1738],[107,26],[27,-33]],[[1998,1853],[44,12]],[[2042,1865],[59,-52],[74,16]],[[2175,1829],[9,-10]],[[2184,1819],[33,-52]],[[2217,1767],[-83,-36]],[[1597,2099],[29,-52],[55,-3]],[[1681,2044],[-53,-48],[-16,-53]],[[1612,1943],[-90,64]],[[1522,2007],[75,92]],[[1487,1965],[35,42]],[[1612,1943],[7,-1]],[[1619,1942],[-59,-54]],[[1681,2044],[24,28]],[[1705,2072],[47,-120]],[[1693,1898],[-74,44]],[[1765,2163],[57,60],[54,16]],[[1876,2239],[32,-82]],[[1908,2157],[-57,-42],[10,-76]],[[1705,2072],[-2,8]],[[1703,2080],[58,37],[4,46]],[[2036,2345],[-4,-69],[39,-63]],[[2071,2213],[-103,33],[3,-46],[-59,-50]],[[1912,2150],[-4,7]],[[1876,2239],[42,95],[88,41]],[[2006,2375],[30,-30]],[[2077,2077],[11,-21]],[[2088,2056],[31,-40]],[[2119,2016],[-78,-25]],[[2041,1991],[-95,122]],[[1946,2113],[71,14],[60,-50]],[[2071,2213],[22,-55],[-16,-81]],[[1946,2113],[-34,37]],[[2041,1991],[4,-5]],[[2045,1986],[-35,-48],[32,-73]],[[2107,1912],[68,-83]],[[2045,1986],[62,-74]],[[1704,2354],[-25,-60]],[[1679,2294],[-50,-34]],[[1629,2260],[-63,37],[-91,24]],[[1475,2321],[-4,25]],[[1471,2346],[86,-4],[63,27],[22,51]],[[1642,2420],[62,-66]],[[1662,2218],[-20,-77],[59,-19],[2,-42]],[[1597,2099],[5,22]],[[1602,2121],[10,48]],[[1612,2169],[13,63]],[[1625,2232],[37,-14]],[[1902,2611],[-22,-60],[-96,-12],[-44,15],[-53,-34]],[[1687,2520],[-7,10]],[[1680,2530],[-12,111]],[[1668,2641],[56,22],[178,-52]],[[2241,2698],[-28,-27],[-107,-23],[-70,-44]],[[2036,2604],[-55,30],[-79,-23]],[[1668,2641],[-46,42],[-73,-28]],[[1549,2655],[-25,46],[48,45],[17,111],[97,17],[84,58],[89,26],[37,63],[76,30],[43,-53],[35,5],[85,-156],[73,-64],[33,-85]],[[1258,2151],[55,-31],[106,0],[32,16]],[[1451,2136],[49,-20]],[[1500,2116],[-33,-50],[6,-45],[-40,-38]],[[1500,2116],[102,5]],[[1451,2136],[17,112]],[[1468,2248],[44,2],[100,-81]],[[1629,2260],[-4,-28]],[[1468,2248],[7,73]],[[1662,2218],[80,-5],[23,-50]],[[1679,2294],[167,-14],[30,-41]],[[1687,2520],[110,-133]],[[1797,2387],[-47,5],[-46,-38]],[[1642,2420],[31,95]],[[1673,2515],[7,15]],[[1510,2529],[54,-69],[78,-40]],[[1471,2346],[-8,94],[47,89]],[[1510,2529],[30,78]],[[1540,2607],[133,-92]],[[1540,2607],[9,48]],[[2036,2604],[-42,-99],[7,-106]],[[2001,2399],[-93,15],[-111,-27]],[[2001,2399],[5,-24]],[[3333,2682],[49,-41],[37,-99],[28,-16]],[[3447,2526],[-64,-29]],[[3383,2497],[-49,-19]],[[3334,2478],[-2,9]],[[3332,2487],[-20,110],[-55,81]],[[3257,2678],[65,8]],[[3322,2686],[11,-4]],[[3327,2871],[-41,-87]],[[3286,2784],[-75,10]],[[3211,2794],[10,68],[83,77]],[[3304,2939],[23,-68]],[[3212,3008],[74,1],[18,-70]],[[3211,2794],[-14,-25]],[[3197,2769],[-43,41]],[[3154,2810],[10,69],[-19,113]],[[3145,2992],[67,16]],[[3483,3474],[110,-22],[15,-46],[-49,-87],[44,-118],[-21,-102]],[[3582,3099],[-53,13],[-146,-12],[-16,-15]],[[3367,3085],[-47,86]],[[3320,3171],[-39,77]],[[3281,3248],[52,13],[51,127],[36,54],[63,32]],[[3272,3084],[-60,-76]],[[3145,2992],[-29,82]],[[3116,3074],[0,15]],[[3116,3089],[72,26]],[[3188,3115],[59,14],[25,-45]],[[3168,3205],[113,43]],[[3320,3171],[-37,-2],[-11,-83]],[[3272,3086],[0,-2]],[[3188,3115],[-20,90]],[[3088,3214],[80,-9]],[[3116,3089],[-30,97]],[[3086,3186],[2,28]],[[3367,3085],[-30,-42]],[[3337,3043],[-65,43]],[[3337,3043],[5,-42]],[[3342,3001],[-38,-62]],[[3088,3214],[32,180],[-12,29]],[[3108,3423],[42,30],[115,8],[47,59],[136,27],[35,-73]],[[3582,3099],[20,-40],[-107,-48]],[[3495,3011],[-86,-33]],[[3409,2978],[-67,23]],[[3409,2978],[-19,-98]],[[3390,2880],[-63,-9]],[[3495,3011],[75,-14],[-6,-65],[23,-55]],[[3587,2877],[-3,-42],[-122,-34]],[[3462,2801],[-72,79]],[[3286,2784],[36,-98]],[[3257,2678],[-52,77]],[[3205,2755],[-8,14]],[[3462,2801],[-71,-124],[-58,5]],[[3587,2877],[149,-15],[44,-59],[-11,-127],[-63,-49],[5,-81]],[[3711,2546],[-105,-49],[-72,34]],[[3534,2531],[-87,-5]],[[3332,2487],[-56,-27]],[[3276,2460],[-77,211]],[[3199,2671],[6,84]],[[3199,2671],[-100,-77]],[[3099,2594],[-88,87]],[[3011,2681],[-5,4]],[[3006,2685],[53,104]],[[3059,2789],[54,80]],[[3113,2869],[41,-59]],[[3276,2460],[-35,1]],[[3241,2461],[-52,36],[-90,97]],[[3045,3495],[43,20],[20,-92]],[[3086,3186],[-56,9]],[[3030,3195],[26,201],[-11,99]],[[3030,3195],[-45,2]],[[2985,3197],[-95,66],[-89,-44],[29,-29]],[[2830,3190],[-77,9]],[[2753,3199],[-111,193]],[[2642,3392],[6,133],[77,84],[68,-19],[66,12],[34,-101],[51,-9],[65,41],[36,-38]],[[3040,3092],[41,-137]],[[3081,2955],[-132,-4]],[[2949,2951],[65,137]],[[3014,3088],[26,4]],[[3113,2869],[-32,86]],[[3040,3092],[76,-18]],[[3006,2685],[-33,35]],[[2973,2720],[-22,39]],[[2951,2759],[79,93]],[[3030,2852],[29,-63]],[[2951,2759],[-62,79]],[[2889,2838],[29,48]],[[2918,2886],[69,3],[43,-37]],[[2918,2886],[31,65]],[[2830,3190],[102,-91]],[[2932,3099],[2,-29]],[[2934,3070],[-13,-4]],[[2921,3066],[-66,-17],[-25,-63]],[[2830,2986],[-49,6],[-51,94]],[[2730,3086],[-8,68],[31,45]],[[2985,3197],[-53,-98]],[[3014,3088],[-80,-18]],[[2921,3066],[-5,-118]],[[2916,2948],[-51,-6]],[[2865,2942],[-35,44]],[[2889,2838],[-62,50]],[[2827,2888],[38,54]],[[2916,2948],[33,3]],[[2827,2888],[-105,33]],[[2722,2921],[-34,41],[15,90],[27,34]],[[2736,2811],[28,-70],[45,8]],[[2809,2749],[-3,-20]],[[2806,2729],[-252,-33],[-78,-1]],[[2476,2695],[-94,60]],[[2382,2755],[19,54]],[[2401,2809],[111,-24],[89,73],[124,-1]],[[2725,2857],[11,-46]],[[2722,2921],[3,-64]],[[2401,2809],[-34,39],[5,82],[-45,67],[94,119],[51,16],[14,95],[-13,71],[54,82],[115,12]],[[2782,2528],[10,-95]],[[2792,2433],[-74,34]],[[2718,2467],[-74,49]],[[2644,2516],[45,23],[93,-11]],[[2846,2594],[32,-97],[4,-63]],[[2882,2434],[-87,-14]],[[2795,2420],[-3,13]],[[2782,2528],[10,76]],[[2792,2604],[54,-10]],[[2908,2608],[47,-73]],[[2955,2535],[25,-48]],[[2980,2487],[-22,-48]],[[2958,2439],[-74,-47]],[[2884,2392],[-2,42]],[[2846,2594],[62,14]],[[2852,2734],[56,-126]],[[2792,2604],[6,68]],[[2798,2672],[8,57]],[[2806,2729],[46,5]],[[2644,2516],[-7,71],[-37,7]],[[2600,2594],[121,34],[77,44]],[[2889,2838],[-80,-89]],[[2736,2811],[43,8],[48,69]],[[2600,2594],[-50,18],[-74,83]],[[3099,2594],[-57,-65]],[[3042,2529],[-62,-42]],[[2955,2535],[1,89],[55,57]],[[2852,2734],[70,6],[51,-20]],[[3334,2478],[4,-117]],[[3338,2361],[-105,-22],[-15,-21]],[[3218,2318],[-96,-48]],[[3122,2270],[-8,22]],[[3114,2292],[5,86]],[[3119,2378],[98,62]],[[3217,2440],[24,21]],[[2882,2324],[22,-8]],[[2904,2316],[69,-12]],[[2973,2304],[25,-89]],[[2998,2215],[-19,-60]],[[2979,2155],[-29,0]],[[2950,2155],[-68,0],[-57,38]],[[2825,2193],[23,88],[34,43]],[[2767,2235],[58,-42]],[[2825,2193],[-32,-67],[-34,-3]],[[2759,2123],[-63,39]],[[2696,2162],[-19,29]],[[2677,2191],[90,44]],[[2759,2123],[-2,-2]],[[2757,2121],[-45,-86]],[[2712,2035],[-46,-25]],[[2666,2010],[-18,2]],[[2648,2012],[-17,36]],[[2631,2048],[-34,63]],[[2597,2111],[99,51]],[[2416,2287],[82,19],[48,-14]],[[2546,2292],[69,-65]],[[2615,2227],[62,-36]],[[2597,2111],[-36,59],[-130,-15]],[[2431,2155],[0,2]],[[2431,2157],[-71,48]],[[2360,2205],[-12,54],[68,28]],[[3217,2440],[-27,-6],[-86,68]],[[3104,2502],[-62,27]],[[3119,2378],[-70,42]],[[3049,2420],[55,82]],[[3049,2420],[-20,2]],[[3029,2422],[-71,17]],[[3114,2292],[-40,-71]],[[3074,2221],[-76,-6]],[[2973,2304],[56,118]],[[2904,2316],[-20,76]],[[2882,2324],[-46,-11]],[[2836,2313],[-41,107]],[[2836,2313],[-48,-22]],[[2788,2291],[-53,61],[-26,98]],[[2709,2450],[9,17]],[[2709,2450],[-11,-26]],[[2698,2424],[-49,-39]],[[2649,2385],[-35,88],[-67,18],[-68,-28],[-28,72],[-119,111]],[[2332,2646],[-55,40]],[[2277,2686],[105,69]],[[2649,2385],[-109,-71],[6,-22]],[[2416,2287],[-20,78],[8,100],[-42,27],[-40,104],[10,50]],[[2698,2424],[22,-28],[-15,-115]],[[2705,2281],[-81,-27],[-9,-27]],[[2788,2291],[-31,-41]],[[2757,2250],[-52,31]],[[2757,2121],[62,-126]],[[2819,1995],[-14,-15]],[[2805,1980],[-49,-7]],[[2756,1973],[-41,61]],[[2715,2034],[-3,1]],[[2950,2155],[-76,-113]],[[2874,2042],[-55,-47]],[[2757,2250],[10,-15]],[[3831,2387],[15,-56],[-46,-61],[50,-65],[-66,-42]],[[3784,2163],[-47,35],[-88,15],[-75,-20]],[[3574,2193],[-5,53]],[[3569,2246],[30,17]],[[3599,2263],[54,15],[35,85],[-25,82],[93,-13],[75,-45]],[[3760,2104],[-9,-37],[-87,-11],[14,-65]],[[3678,1991],[-75,28],[-137,2]],[[3466,2021],[1,43]],[[3467,2064],[112,-9],[-1,80]],[[3578,2135],[44,10],[138,-41]],[[3574,2193],[4,-58]],[[3467,2064],[7,42]],[[3474,2106],[29,69]],[[3503,2175],[71,18]],[[3544,2502],[59,-30],[-1,-193]],[[3602,2279],[-19,52],[-83,64]],[[3500,2395],[-6,0]],[[3494,2395],[-14,72],[64,35]],[[3711,2546],[62,-2],[63,-38],[-5,-119]],[[3599,2263],[3,16]],[[3544,2502],[-10,29]],[[3784,2163],[-24,-59]],[[3383,2497],[32,-155]],[[3415,2342],[-71,-10]],[[3344,2332],[-6,29]],[[3494,2395],[-79,-53]],[[3415,2342],[17,-126]],[[3432,2216],[0,-12]],[[3432,2204],[-109,-33]],[[3323,2171],[-8,32]],[[3315,2203],[2,38]],[[3317,2241],[27,91]],[[3500,2395],[5,-99],[-42,-73],[-31,-7]],[[3503,2175],[-89,2],[-87,-27]],[[3327,2150],[-4,21]],[[3432,2204],[137,42]],[[3678,1991],[-19,-71]],[[3659,1920],[-57,-32]],[[3602,1888],[-90,77],[-88,6]],[[3424,1971],[42,50]],[[3359,2077],[115,29]],[[3424,1971],[-14,-8]],[[3410,1963],[-12,56]],[[3398,2019],[-39,58]],[[3602,1888],[-51,-21],[-55,17]],[[3496,1884],[-83,14]],[[3413,1898],[-3,65]],[[3359,2077],[-32,73]],[[3317,2241],[-99,77]],[[3315,2203],[-73,3],[-67,-49]],[[3175,2157],[-14,81],[-39,32]],[[3413,1898],[-135,12]],[[3278,1910],[8,51]],[[3286,1961],[19,75]],[[3305,2036],[93,-17]],[[3413,1898],[-30,-69]],[[3383,1829],[-41,-88]],[[3342,1741],[-157,40]],[[3185,1781],[36,32],[57,97]],[[3185,1781],[-11,10]],[[3174,1791],[9,153]],[[3183,1944],[103,17]],[[3044,1971],[102,-50],[37,23]],[[3174,1791],[-97,87],[-63,35]],[[3014,1913],[30,58]],[[3183,1944],[-30,118]],[[3153,2062],[74,17],[27,-50],[51,7]],[[3154,2109],[-1,-47]],[[3044,1971],[-27,26]],[[3017,1997],[11,6]],[[3028,2003],[102,99]],[[3130,2102],[5,7]],[[3135,2109],[19,0]],[[2979,2155],[37,-60],[12,-92]],[[3017,1997],[-106,-16],[-37,61]],[[3014,1913],[-109,-38]],[[2905,1875],[-98,21]],[[2807,1896],[-2,84]],[[3074,2221],[-7,-100],[63,-19]],[[3154,2109],[169,62]],[[3135,2109],[40,48]],[[3252,1504],[74,-29]],[[3326,1475],[-59,-190]],[[3171,1332],[69,146]],[[3240,1478],[12,26]],[[3375,1459],[6,-73]],[[3381,1386],[-34,-125]],[[3326,1475],[49,-16]],[[3528,1448],[29,-61],[6,-86]],[[3381,1386],[63,-22],[24,67]],[[3468,1431],[60,17]],[[3444,1503],[24,-72]],[[3375,1459],[52,0],[17,44]],[[3695,1739],[97,6]],[[3683,1405],[-110,120]],[[3573,1525],[42,29],[19,81],[61,104]],[[3528,1448],[18,90]],[[3546,1538],[27,-13]],[[3661,1741],[34,-2]],[[3546,1538],[-62,6]],[[3484,1544],[4,45],[46,51]],[[3534,1640],[127,101]],[[3444,1503],[2,43]],[[3446,1546],[38,-2]],[[3524,1652],[10,-12]],[[3446,1546],[-82,27]],[[3364,1573],[59,130]],[[3423,1703],[101,-51]],[[3659,1920],[26,-51],[-24,-128]],[[3524,1652],[-19,135]],[[3505,1787],[-9,97]],[[3505,1787],[-39,10]],[[3466,1797],[-83,32]],[[3423,1703],[43,94]],[[3423,1703],[-63,30]],[[3360,1733],[-18,8]],[[3364,1573],[-73,13]],[[3291,1586],[69,147]],[[3252,1504],[39,82]],[[2709,1583],[65,-41],[59,-94]],[[2780,1411],[-67,50],[-59,9],[-9,59]],[[2645,1529],[11,54],[39,25]],[[2695,1608],[14,-25]],[[2729,1648],[35,58]],[[2764,1706],[6,-36],[58,-34],[6,-50]],[[2834,1586],[-125,-3]],[[2695,1608],[34,40]],[[2905,1875],[46,-54]],[[2951,1821],[-33,-47]],[[2918,1774],[-74,33]],[[2844,1807],[-34,2]],[[2810,1809],[-3,87]],[[3360,1733],[-59,-40],[-53,-80],[-40,-9],[-81,27]],[[3127,1631],[-35,12]],[[3092,1643],[31,69],[-43,100]],[[3080,1812],[-66,101]],[[3123,1619],[4,12]],[[3291,1586],[-81,0],[-87,33]],[[3240,1478],[-120,44]],[[3120,1522],[-25,9]],[[3095,1531],[28,88]],[[3089,1377],[31,145]],[[3095,1531],[-141,45],[-61,-13]],[[2893,1563],[97,63],[-2,21]],[[2988,1647],[104,-4]],[[2861,1456],[23,103]],[[2884,1559],[9,4]],[[2869,1596],[15,-37]],[[2834,1586],[35,10]],[[2817,1713],[57,-53]],[[2874,1660],[-5,-64]],[[2764,1706],[-1,2]],[[2763,1708],[38,5]],[[2801,1713],[16,0]],[[2979,1659],[9,-12]],[[2874,1660],[53,13]],[[2927,1673],[52,-14]],[[2892,1745],[35,-72]],[[2817,1713],[75,32]],[[2977,1779],[2,-120]],[[2892,1745],[26,29]],[[2951,1821],[26,-42]],[[2977,1779],[73,-7],[30,40]],[[2801,1713],[6,38]],[[2807,1751],[37,56]],[[2597,1613],[12,-35]],[[2609,1578],[36,-49]],[[2638,1272],[-111,106]],[[2527,1378],[-28,84]],[[2499,1462],[27,31],[-27,79]],[[2499,1572],[35,35],[63,6]],[[2320,1406],[3,-26]],[[2323,1380],[-34,-145]],[[2289,1235],[-40,15],[-118,-4]],[[2131,1246],[-79,77],[0,41]],[[2052,1364],[77,21]],[[2129,1385],[86,16],[15,75]],[[2230,1476],[47,-61],[43,-9]],[[2229,1497],[1,-21]],[[2129,1385],[-11,32]],[[2118,1417],[36,41]],[[2154,1458],[11,37]],[[2165,1495],[64,2]],[[2211,1660],[20,-71],[-2,-92]],[[2165,1495],[-19,96]],[[2138,1628],[67,52]],[[2205,1680],[6,-20]],[[2555,1184],[0,55],[-62,88]],[[2493,1327],[34,51]],[[2455,1336],[38,-9]],[[2358,1125],[0,84],[-69,26]],[[2323,1380],[50,-44],[82,0]],[[2499,1462],[-82,-60]],[[2417,1402],[-10,59],[69,135]],[[2476,1596],[23,-24]],[[2455,1336],[-38,66]],[[2131,1246],[-50,-96]],[[1961,1308],[91,56]],[[2073,1485],[81,-27]],[[2118,1417],[-83,30]],[[2294,1644],[-37,-63],[20,-32]],[[2277,1549],[-5,-66],[48,-77]],[[2211,1660],[83,-16]],[[2467,1610],[9,-14]],[[2277,1549],[96,13],[44,66]],[[2417,1628],[50,-18]],[[2390,1658],[27,-30]],[[2294,1644],[96,14]],[[2763,1708],[-66,27]],[[2697,1735],[-5,13]],[[2692,1748],[34,47]],[[2726,1795],[81,-44]],[[2729,1648],[-57,34]],[[2672,1682],[25,53]],[[2609,1578],[63,104]],[[2597,1613],[41,82],[15,73]],[[2653,1768],[39,-20]],[[2743,1877],[6,-62]],[[2749,1815],[-23,-20]],[[2653,1768],[2,13]],[[2655,1781],[26,41],[-25,48]],[[2656,1870],[87,7]],[[2236,1736],[-31,-56]],[[2217,1767],[19,-31]],[[2810,1809],[-61,6]],[[2743,1877],[14,9]],[[2757,1886],[50,10]],[[2624,1869],[-38,-58],[-86,2],[-21,-32]],[[2479,1781],[-35,-1]],[[2444,1780],[6,70]],[[2450,1850],[118,18]],[[2568,1868],[56,1]],[[2655,1781],[-92,-2]],[[2563,1779],[-84,2]],[[2624,1869],[32,1]],[[2467,1610],[111,76],[-15,93]],[[2390,1658],[0,6]],[[2390,1664],[54,116]],[[2280,1864],[18,-1]],[[2298,1863],[152,-13]],[[2390,1664],[-47,101]],[[2343,1765],[17,55],[-60,0],[-20,44]],[[2236,1736],[107,29]],[[2211,1849],[69,15]],[[2184,1819],[27,30]],[[2631,2048],[-119,-29]],[[2512,2019],[-35,78],[-55,8]],[[2422,2105],[9,50]],[[2088,2056],[97,122],[75,4]],[[2260,2182],[60,-81],[6,-149]],[[2326,1952],[-29,-4]],[[2297,1948],[-34,49],[-63,-15],[-58,16]],[[2142,1998],[-23,18]],[[2757,1886],[-35,27]],[[2722,1913],[34,60]],[[2722,1913],[-2,50]],[[2720,1963],[-5,71]],[[2720,1963],[-31,-18]],[[2689,1945],[-23,65]],[[2689,1945],[-26,-51]],[[2663,1894],[-18,68]],[[2645,1962],[3,50]],[[2656,1870],[7,24]],[[2645,1962],[-98,-11]],[[2547,1951],[-35,68]],[[2568,1868],[-39,55],[18,28]],[[2298,1863],[-1,85]],[[2326,1952],[66,10]],[[2392,1962],[41,9],[-11,134]],[[2392,1962],[-29,89],[68,106]],[[2143,1961],[68,-112]],[[2107,1912],[36,49]],[[2142,1998],[1,-37]],[[2241,2698],[36,-12]],[[2360,2205],[-75,20]],[[2285,2225],[-177,110],[-72,10]],[[2285,2225],[-25,-43]]]}